-- MySQL dump 10.13  Distrib 5.7.12, for Win64 (x86_64)
--
-- Host: eu-cdbr-west-02.cleardb.net    Database: heroku_be97bac4ec0f43a
-- ------------------------------------------------------
-- Server version	5.6.45-log

/*!40101 SET @OLD_CHARACTER_SET_CLIENT=@@CHARACTER_SET_CLIENT */;
/*!40101 SET @OLD_CHARACTER_SET_RESULTS=@@CHARACTER_SET_RESULTS */;
/*!40101 SET @OLD_COLLATION_CONNECTION=@@COLLATION_CONNECTION */;
/*!40101 SET NAMES utf8 */;
/*!40103 SET @OLD_TIME_ZONE=@@TIME_ZONE */;
/*!40103 SET TIME_ZONE='+00:00' */;
/*!40014 SET @OLD_UNIQUE_CHECKS=@@UNIQUE_CHECKS, UNIQUE_CHECKS=0 */;
/*!40014 SET @OLD_FOREIGN_KEY_CHECKS=@@FOREIGN_KEY_CHECKS, FOREIGN_KEY_CHECKS=0 */;
/*!40101 SET @OLD_SQL_MODE=@@SQL_MODE, SQL_MODE='NO_AUTO_VALUE_ON_ZERO' */;
/*!40111 SET @OLD_SQL_NOTES=@@SQL_NOTES, SQL_NOTES=0 */;

--
-- Table structure for table `languages`
--

DROP TABLE IF EXISTS `languages`;
/*!40101 SET @saved_cs_client     = @@character_set_client */;
/*!40101 SET character_set_client = utf8 */;
CREATE TABLE `languages` (
  `lan_id` tinyint(3) unsigned NOT NULL AUTO_INCREMENT,
  `lan_title` varchar(15) NOT NULL,
  `lan_foreign` tinyint(1) unsigned DEFAULT '0',
  PRIMARY KEY (`lan_id`),
  UNIQUE KEY `lan_title` (`lan_title`)
) ENGINE=InnoDB AUTO_INCREMENT=32 DEFAULT CHARSET=utf8;
/*!40101 SET character_set_client = @saved_cs_client */;

--
-- Dumping data for table `languages`
--

LOCK TABLES `languages` WRITE;
/*!40000 ALTER TABLE `languages` DISABLE KEYS */;
INSERT INTO `languages` VALUES (1,'Ελληνικά',0),(2,'English',0),(3,'Francais',0),(4,'русский',1),(5,'Deutsch',1),(11,'Bokmål',1),(21,'Dansk',1),(31,'Svensk',1);
/*!40000 ALTER TABLE `languages` ENABLE KEYS */;
UNLOCK TABLES;

--
-- Table structure for table `poses`
--

DROP TABLE IF EXISTS `poses`;
/*!40101 SET @saved_cs_client     = @@character_set_client */;
/*!40101 SET character_set_client = utf8 */;
CREATE TABLE `poses` (
  `ps_id` tinyint(3) unsigned NOT NULL AUTO_INCREMENT,
  `ps_title` varchar(10) NOT NULL,
  PRIMARY KEY (`ps_id`),
  UNIQUE KEY `ps_title` (`ps_title`)
) ENGINE=InnoDB AUTO_INCREMENT=7 DEFAULT CHARSET=utf8;
/*!40101 SET character_set_client = @saved_cs_client */;

--
-- Dumping data for table `poses`
--

LOCK TABLES `poses` WRITE;
/*!40000 ALTER TABLE `poses` DISABLE KEYS */;
INSERT INTO `poses` VALUES (4,'Adjective'),(5,'Adverb'),(3,'Noun'),(6,'Preposi'),(1,'Undefined'),(2,'Verb');
/*!40000 ALTER TABLE `poses` ENABLE KEYS */;
UNLOCK TABLES;

--
-- Table structure for table `sources`
--

DROP TABLE IF EXISTS `sources`;
/*!40101 SET @saved_cs_client     = @@character_set_client */;
/*!40101 SET character_set_client = utf8 */;
CREATE TABLE `sources` (
  `src_id` tinyint(3) unsigned NOT NULL AUTO_INCREMENT,
  `src_langid` tinyint(3) unsigned NOT NULL,
  `src_title` varchar(85) CHARACTER SET utf8 NOT NULL,
  PRIMARY KEY (`src_id`),
  UNIQUE KEY `src_langid` (`src_langid`,`src_title`),
  CONSTRAINT `sources_ibfk_1` FOREIGN KEY (`src_langid`) REFERENCES `languages` (`lan_id`)
) ENGINE=InnoDB AUTO_INCREMENT=21 DEFAULT CHARSET=latin1;
/*!40101 SET character_set_client = @saved_cs_client */;

--
-- Dumping data for table `sources`
--

LOCK TABLES `sources` WRITE;
/*!40000 ALTER TABLE `sources` DISABLE KEYS */;
INSERT INTO `sources` VALUES (1,1,'Unknown'),(2,4,'гарри поттер и философски камень'),(11,4,'Дорога в россию'),(3,4,'идиот');
/*!40000 ALTER TABLE `sources` ENABLE KEYS */;
UNLOCK TABLES;

--
-- Table structure for table `translations`
--

DROP TABLE IF EXISTS `translations`;
/*!40101 SET @saved_cs_client     = @@character_set_client */;
/*!40101 SET character_set_client = utf8 */;
CREATE TABLE `translations` (
  `tra_id` int(10) unsigned NOT NULL AUTO_INCREMENT,
  `tra_wordid` int(10) unsigned NOT NULL,
  `tra_langid` tinyint(3) unsigned NOT NULL DEFAULT '1',
  `tra_meaning` varchar(45) NOT NULL,
  `tra_example` varchar(255) NOT NULL,
  `tra_image_url` varchar(95) DEFAULT NULL,
  PRIMARY KEY (`tra_id`),
  UNIQUE KEY `uniq_combo` (`tra_wordid`,`tra_meaning`,`tra_langid`),
  KEY `tra_wordid` (`tra_wordid`),
  KEY `tra_langid` (`tra_langid`),
  CONSTRAINT `translations_ibfk_1` FOREIGN KEY (`tra_langid`) REFERENCES `languages` (`lan_id`),
  CONSTRAINT `translations_ibfk_2` FOREIGN KEY (`tra_wordid`) REFERENCES `words` (`wor_id`)
) ENGINE=InnoDB AUTO_INCREMENT=8001 DEFAULT CHARSET=utf8;
/*!40101 SET character_set_client = @saved_cs_client */;

--
-- Dumping data for table `translations`
--

LOCK TABLES `translations` WRITE;
/*!40000 ALTER TABLE `translations` DISABLE KEYS */;
INSERT INTO `translations` VALUES (1,3,5,'Passagier','',NULL),(2,4,1,'υπερπέραν','',NULL),(11,2,1,'αγαπώ','',NULL),(21,11,1,'θεία','',NULL),(31,31,1,'ώρα','',NULL),(41,41,1,'κάνω','',NULL),(51,61,1,'τουλάχιστον','',NULL),(61,71,1,'ζευγάρι','',NULL),(71,81,1,'αναγκάζω','',NULL),(81,101,1,'σύνδεση','',NULL),(91,111,1,'δύσκολο','',NULL),(101,121,1,'σύνορα','',NULL),(111,131,1,'γαλλικά','',NULL),(121,161,1,'ζώ','',NULL),(131,261,1,'βιβλιο','',NULL),(141,271,1,'ομίχλη','',NULL),(151,251,1,'παράθυρο','',NULL),(161,151,1,'δρόμος','',NULL),(171,281,1,'τέλος','',NULL),(181,241,1,'υγρασιώδες','',NULL),(191,231,1,'αριστερά','',NULL),(201,221,1,'βήματα','',NULL),(211,211,2,'thaw','',NULL),(221,201,5,'Eisen','',NULL),(231,191,1,'όλα','',NULL),(241,181,1,'γυναίκα','',NULL),(251,171,1,'χάρη σε','',NULL),(261,141,1,'ισχύς','',NULL),(271,291,5,'glücklich','',NULL),(281,301,2,'german','',NULL),(291,311,1,'χειμώνας','',NULL),(301,321,1,'όμοιες','',NULL),(311,331,1,'κάθε','',NULL),(321,341,5,'auf ihrer Weise','',NULL),(331,351,2,'wife','',NULL),(341,361,2,'husband','',NULL),(351,371,2,'dearie','',NULL),(361,381,2,'have a drinj','',NULL),(371,391,5,'Vergangheit','',NULL),(381,401,5,'kennenlernen','',NULL),(391,411,5,'hier','',NULL),(401,421,1,'νέος','',NULL),(411,431,2,'god','',NULL),(421,451,5,'uns','',NULL),(431,461,5,'uns','',NULL),(441,471,5,'uns','',NULL),(451,481,5,'Jahr','',NULL),(461,581,5,'sagen','',NULL),(471,591,5,'Mensch','',NULL),(481,601,5,'Menschen','',NULL),(491,611,2,'operation','',NULL),(501,621,2,'danke','',NULL),(511,631,5,'denken','',NULL),(521,641,5,'ich','',NULL),(531,651,5,'mich','',NULL),(541,661,5,'meine','',NULL),(551,671,5,'er','',NULL),(561,691,5,'sein','',NULL),(571,701,5,'sich','',NULL),(581,711,5,'sie','',NULL),(591,721,5,'ihr','',NULL),(601,731,5,'wir','',NULL),(611,741,5,'uns','',NULL),(621,751,5,'unser','',NULL),(631,761,5,'schlecht','',NULL),(641,771,5,'Stimme','',NULL),(651,781,5,'werden','',NULL),(661,791,5,'unten','',NULL),(671,801,5,'stehen','',NULL),(681,821,4,'бог','',NULL),(691,831,4,'hell','',NULL),(701,841,5,'Tag','',NULL),(711,851,5,'Menschen','',NULL),(721,861,1,'allein','',NULL),(731,871,1,'jetzt','',NULL),(741,881,1,'schlafe','',NULL),(751,891,1,'trink','',NULL),(761,901,5,'niemals','',NULL),(771,911,5,'arbeiten','',NULL),(781,921,5,'orphanage','',NULL),(791,931,5,'Zeitungen','',NULL),(801,941,5,'beide','',NULL),(811,951,5,'Kind','',NULL),(821,961,5,'Bücher','',NULL),(831,971,5,'Tag','',NULL),(841,981,5,'daughter','',NULL),(851,991,5,'dieser','',NULL),(861,1001,5,'es','',NULL),(871,1011,5,'dich','',NULL),(881,1021,5,'Getränk','',NULL),(891,1041,5,'Tod','',NULL),(901,1051,5,'Tür','',NULL),(911,1061,5,'nicht','',NULL),(921,1071,5,'nicht','',NULL),(931,1081,5,'ist','',NULL),(941,1091,5,'Vater','',NULL),(951,1101,5,'Mutter','',NULL),(961,1111,5,'farewell','',NULL),(971,1121,5,'Waffen','',NULL),(981,1131,5,'Messer','',NULL),(991,1141,5,'Fisch','',NULL),(1001,1151,5,'Felder','',NULL),(1011,1161,5,'Flammen','',NULL),(1021,1171,5,'Füß','',NULL),(1031,1181,5,'für','',NULL),(1041,1191,5,'stattfinden','',NULL),(1051,1201,5,'Fluss','',NULL),(1061,1211,5,'aus','',NULL),(1071,1221,5,'vorwarts','',NULL),(1081,1241,5,'bevor','',NULL),(1091,1251,5,'gehen','',NULL),(1101,1261,5,'Garten','',NULL),(1111,1271,5,'Nutzen','',NULL),(1121,1281,5,'gasp','',NULL),(1131,1291,5,'Gott','',NULL),(1141,1301,5,'halbdunkel','',NULL),(1151,1311,5,'halbgewachset','',NULL),(1161,1341,5,'heißen','',NULL),(1171,1351,5,'verhindern','',NULL),(1181,1361,5,'Hause','',NULL),(1191,1371,5,'Hilfe','',NULL),(1201,1381,5,'halten','',NULL),(1211,1411,5,'wife','',NULL),(1221,1421,5,'was','',NULL),(1231,1431,5,'in','',NULL),(1241,1441,5,'heute','',NULL),(1251,1451,5,'gegen','',NULL),(1261,1461,2,'tomorrow','',NULL),(1271,1481,5,'Zimmer','',NULL),(1281,1491,5,'können','',NULL),(1291,1501,5,'vielleicht','',NULL),(1301,1511,5,'wissen','',NULL),(1311,1521,5,'Kirche','',NULL),(1321,1531,2,'o clock','',NULL),(1331,1541,5,'kommen','',NULL),(1341,1551,5,'Krieg','',NULL),(1351,1561,5,'Landhaus','',NULL),(1361,1571,2,'landscape','',NULL),(1371,1581,5,'liegen','',NULL),(1381,1591,5,'Glück','',NULL),(1391,1611,5,'Sonne','',NULL),(1401,1621,5,'strahlendes Lichtschein','',NULL),(1411,1631,5,'müssen','',NULL),(1421,1641,5,'viele','',NULL),(1431,1651,5,'Macht','',NULL),(1441,1671,5,'mit','',NULL),(1451,1681,5,'meine','',NULL),(1461,1691,5,'Männer','',NULL),(1471,1701,5,'mitten','',NULL),(1481,1711,5,'Namme','',NULL),(1491,1721,5,'niemand','',NULL),(1501,1731,5,'Norwegen','',NULL),(1511,1741,5,'genug','',NULL),(1521,1751,5,'wann','',NULL),(1531,1761,5,'auf','',NULL),(1541,1771,5,'und','',NULL),(1551,1791,5,'oden','',NULL),(1561,1801,5,'über','',NULL),(1571,1811,5,'Pastor','',NULL),(1581,1821,5,'Regnen','',NULL),(1591,1831,5,'Reisen','',NULL),(1601,1841,5,'richtig','',NULL),(1611,1851,5,'spacious','',NULL),(1621,1861,5,'Song','',NULL),(1631,1871,5,'sehen','',NULL),(1641,1891,5,'sagen','',NULL),(1651,1901,5,'sagt','',NULL),(1661,1911,5,'sollten','',NULL),(1671,1921,5,'zerbrechlig','',NULL),(1681,1931,5,'schlangen','',NULL),(1691,1941,5,'Staff','',NULL),(1701,1961,5,'Stern','',NULL),(1711,1971,5,'Stuhl','',NULL),(1721,1981,5,'as','',NULL),(1731,1991,5,'schwach','',NULL),(1741,2001,5,'Sachen','',NULL),(1751,2011,5,'zwei','',NULL),(1761,2021,5,'tonlosig','',NULL),(1771,2031,5,'glauben','',NULL),(1781,2041,5,'junge','',NULL),(1791,2051,5,'Weg','',NULL),(1801,2061,5,'Westen','',NULL),(1811,2071,5,'würde','',NULL),(1821,2081,5,'unser','',NULL),(1831,2091,5,'Wand','',NULL),(1841,2101,5,'Augenblick','',NULL),(1851,2111,1,'βήμα','',NULL),(1861,2121,1,'έμαθε','',NULL),(1871,2151,2,'through,via','',NULL),(1881,2161,1,'θα πω','',NULL),(1891,2171,1,'πάλι','',NULL),(1901,2181,2,'since','',NULL),(1911,2191,1,'βασιλιάς','',NULL),(1921,2201,1,'ακτή','',NULL),(1931,2211,1,'κόρη','',NULL),(1941,2221,1,'αγόρι','',NULL),(1951,2231,1,'παιδί','',NULL),(1961,2241,1,'τους','',NULL),(1971,2251,1,'θάλασσα','',NULL),(1981,2261,1,'ουρανός','',NULL),(1991,2271,1,'δύναμη','',NULL),(2001,2281,2,'by myself','',NULL),(2011,2291,1,'κάποιες φορές','',NULL),(2021,2301,1,'ζωή','',NULL),(2031,2311,1,'βουνά','',NULL),(2041,2321,1,'Γη','',NULL),(2051,2331,1,'τότε','',NULL),(2061,2341,2,'possessed','',NULL),(2071,2351,1,'αρχικά','',NULL),(2081,2361,1,'μόνο','',NULL),(2091,2371,1,'αρχικά','',NULL),(2101,2381,2,'ruled','',NULL),(2111,2391,1,'στοιχεία','',NULL),(2121,2401,2,'lead','',NULL),(2131,2411,2,'omnipotent','',NULL),(2141,2421,1,'εμφανίστηκε','',NULL),(2151,2431,2,'lit up','',NULL),(2161,2441,1,'ξεκίνησε','',NULL),(2171,2451,1,'ζήλεψε','',NULL),(2181,2461,1,'hurry','',NULL),(2191,2471,1,'συνομωσία','',NULL),(2201,2481,1,'foo','',NULL),(2211,2491,5,'stürzen','',NULL),(2221,2511,5,'Teppich','',NULL),(2231,2521,5,'ist','',NULL),(2241,2531,5,'reich','',NULL),(2251,2541,5,'endlig','',NULL),(2261,2551,5,'König','',NULL),(2271,2561,5,'Königsmütter','',NULL),(2281,2571,5,'Briefe','',NULL),(2291,2581,5,'Königin','',NULL),(2301,2591,5,'Sheriff','',NULL),(2311,2601,5,'töten','',NULL),(2321,2611,5,'erledigt','',NULL),(2331,2621,5,'aus','',NULL),(2341,2631,5,'tun','',NULL),(2351,2641,5,'liebe','',NULL),(2361,2651,2,'after','',NULL),(2371,2661,5,'gedankvoll','',NULL),(2381,2671,1,'δακρυσμένος','',NULL),(2391,2681,1,'ευπρεπής','',NULL),(2401,2691,5,'Sie','',NULL),(2411,2701,5,'hatte','',NULL),(2421,2711,5,'nur','',NULL),(2431,2721,2,'ήχος','',NULL),(2441,2731,2,'seal','',NULL),(2451,2751,5,'sprach','',NULL),(2461,2761,5,'denken','',NULL),(2471,2771,5,'unrühig','',NULL),(2481,2781,2,'who','',NULL),(2491,2791,5,'auf','',NULL),(2501,2801,5,'Wolf','',NULL),(2511,2811,5,'wo','',NULL),(2521,2821,5,'fragen','',NULL),(2531,2831,5,'Dampf','',NULL),(2541,2841,5,'Boot','',NULL),(2551,2851,5,'Ewigkeit','',NULL),(2561,2871,2,'raised','',NULL),(2571,2881,2,'should','',NULL),(2581,2891,2,'move','',NULL),(2591,2911,5,'reichzeitig','',NULL),(2601,2921,5,'Jahr','',NULL),(2611,2931,5,'einsam','',NULL),(2621,2941,5,'Witwer','',NULL),(2631,2951,5,'warum','',NULL),(2641,2961,5,'jetzt','',NULL),(2651,2971,5,'neu','',NULL),(2661,2981,5,'gut','',NULL),(2671,2991,5,'See','',NULL),(2681,3001,5,'Matrosen','',NULL),(2691,3021,5,'schwierig','',NULL),(2701,3031,5,'Schiff','',NULL),(2711,3041,5,'Wetter','',NULL),(2721,3051,5,'Regen','',NULL),(2731,3061,5,'Sturm','',NULL),(2741,3071,5,'ermüdend','',NULL),(2751,3081,2,'blessed','',NULL),(2761,3091,5,'folgen','',NULL),(2771,3101,2,'town people','',NULL),(2781,3111,5,'Stein','',NULL),(2791,3121,5,'später','',NULL),(2801,3131,5,'fertig','',NULL),(2811,3141,5,'Seele','',NULL),(2821,3151,5,'Gute Nacht','',NULL),(2831,3161,5,'ewig','',NULL),(2841,3171,5,'Sieg','',NULL),(2851,3181,5,'obwohl','',NULL),(2861,3191,5,'am besten','',NULL),(2871,3201,5,'letzte','',NULL),(2881,3221,2,'hits','',NULL),(2891,3241,5,'Frieden','',NULL),(2901,3251,5,'Freundschaft','',NULL),(2911,3261,5,'Bier','',NULL),(2921,3271,2,'sitting','',NULL),(2931,3281,2,'reconciled','',NULL),(2941,3291,5,'verlassen','',NULL),(2951,3301,5,'pflicht','',NULL),(2961,3311,5,'auch','',NULL),(2971,3321,5,'geschworen','',NULL),(2981,3341,5,'mal','',NULL),(2991,3351,5,'bereit','',NULL),(3001,3361,5,'Segel','',NULL),(3011,3371,5,'steht','',NULL),(3021,3381,5,'einige','',NULL),(3031,3401,5,'Kandidat','',NULL),(3041,3411,5,'Sitze','',NULL),(3051,3421,2,'elevation','',NULL),(3061,3441,2,'cups','',NULL),(3071,3451,5,'Aufführungen','',NULL),(3081,3461,5,'fragte','',NULL),(3091,3471,5,'Hochzeit','',NULL),(3101,3481,5,'mächtig','',NULL),(3111,3491,5,'stark','',NULL),(3121,3501,5,'Gespräche','',NULL),(3131,3511,5,'sein','',NULL),(3141,3521,5,'verlassen','',NULL),(3151,3531,2,'indeed','',NULL),(3161,3541,5,'doch','',NULL),(3171,3551,5,'hatte','',NULL),(3181,3571,5,'nephew','',NULL),(3191,3581,5,'unverändert','',NULL),(3201,3591,5,'sichern','',NULL),(3211,3601,5,'klug','',NULL),(3221,3611,5,'frisch','',NULL),(3231,3621,5,'Leben','',NULL),(3241,3631,5,'wusste','',NULL),(3251,3641,5,'Erbe','',NULL),(3261,3651,5,'brew','',NULL),(3271,3661,5,'Schwert','',NULL),(3281,3671,5,'Ratgeber','',NULL),(3291,3681,5,'plotzlich','',NULL),(3301,3691,5,'aufwecken','',NULL),(3311,3701,5,'folgte','',NULL),(3321,3711,5,'Vater','',NULL),(3331,3721,5,'außer','',NULL),(3341,3731,5,'Träume','',NULL),(3351,3741,5,'voll','',NULL),(3361,3751,5,'Schmerz','',NULL),(3371,3761,5,'Abgrund','',NULL),(3381,3771,2,'should','',NULL),(3391,3781,5,'trotz','',NULL),(3401,3791,5,'wirklich','',NULL),(3411,3801,5,'bestraffen','',NULL),(3421,3811,5,'Haus','',NULL),(3431,3821,5,'vergangen','',NULL),(3441,3831,5,'seit','',NULL),(3451,3841,1,'φυλακισμένος','',NULL),(3461,3851,1,'εμεινε','',NULL),(3471,3861,1,'ήταν περήφανοι','',NULL),(3481,3871,1,'διατηρούνται','',NULL),(3491,3881,1,'6','',NULL),(3501,3891,1,'πατέρα','',NULL),(3511,3901,1,'μια μέρα','',NULL),(3521,3911,1,'παιδιά','',NULL),(3531,3921,1,'θρόνος','',NULL),(3541,3931,1,'κλειδωσε','',NULL),(3551,3941,1,'γή','',NULL),(3561,3951,2,'bowels','',NULL),(3571,3961,1,'δύναμη','',NULL),(3581,3971,1,'καταράστηκε','',NULL),(3591,3981,2,'foretelling','',NULL),(3601,3991,1,'ημίθεος','',NULL),(3611,4001,2,'found','',NULL),(3621,4011,1,'έστειλε','',NULL),(3631,4021,1,'άνεμο','',NULL),(3641,4041,1,'ήρωες','',NULL),(3651,4051,5,'aus','',NULL),(3661,4071,5,'und','',NULL),(3671,4081,5,'Gefangen','',NULL),(3681,4091,2,'be wrong','',NULL),(3691,4111,2,'hesitate','',NULL),(3701,4121,2,'expire','',NULL),(3711,4131,2,'barricade','',NULL),(3721,4141,2,'search','',NULL),(3731,4151,2,'ρουφάω','',NULL),(3741,4161,2,'drill','',NULL),(3751,4171,2,'mistaken','',NULL),(3761,4181,2,'renounce','',NULL),(3771,4191,2,'supply','',NULL),(3781,4201,2,'blur','',NULL),(3791,4211,2,'roll dice','',NULL),(3801,4231,2,'warped','',NULL),(3811,4241,2,'carve','',NULL),(3821,4251,2,'happen','',NULL),(3831,4261,2,'smell','',NULL),(3841,4271,2,'transport','',NULL),(3851,4281,2,'horse ride','',NULL),(3861,4291,2,'nourish','',NULL),(3871,4301,2,'chimney','',NULL),(3881,4311,2,'predator','',NULL),(3891,4321,2,'cash','',NULL),(3901,4331,2,'bag','',NULL),(3911,4341,2,'drinking straw','',NULL),(3921,4351,2,'regulations','',NULL),(3931,4361,2,'draft','',NULL),(3941,4371,2,'odor','',NULL),(3951,4381,1,'μούχκα','',NULL),(3961,4391,2,'goat','',NULL),(3971,4401,2,'barn','',NULL),(3981,4411,2,'','',NULL),(3991,4421,2,'shape','',NULL),(4001,4431,1,'παγώνι','',NULL),(4011,4441,1,'εγγόνι','',NULL),(4021,4451,1,'μάντης','',NULL),(4031,4461,1,'υποψία','',NULL),(4041,4471,1,'πεταλούδα','',NULL),(4051,4481,2,'longing','',NULL),(4061,4491,2,'stunned','',NULL),(4071,4521,1,'ον','',NULL),(4081,4531,2,'elevator','',NULL),(4091,4541,2,'affair','',NULL),(4101,4551,2,'niece','',NULL),(4111,4561,2,'angle','',NULL),(4121,4571,2,'all the same','',NULL),(4131,4581,2,'attempt','',NULL),(4141,4591,2,'shaft','',NULL),(4151,4601,2,'rot','',NULL),(4161,4611,1,'καστανιά','',NULL),(4171,4621,2,'scratch','',NULL),(4181,4631,2,'forehead','',NULL),(4191,4641,2,'owl','',NULL),(4201,4671,5,'Jahr','',NULL),(4211,4681,5,'wizard','',NULL),(4221,4711,5,'heimlich','',NULL),(4231,4721,5,'auf','',NULL),(4241,4731,5,'viele','',NULL),(4251,4741,5,'zuerst','',NULL),(4261,4751,5,'seine','',NULL),(4271,4761,5,'lesson','',NULL),(4281,4771,5,'gezwungen','',NULL),(4291,4781,2,'to','',NULL),(4301,4791,5,'Mörder','',NULL),(4311,4811,5,'Niederlag','',NULL),(4321,4821,2,'time','',NULL),(4331,4851,5,'Nacht','',NULL),(4341,4861,2,'kettle','',NULL),(4351,4871,2,'tea','',NULL),(4361,4881,5,'Blatt','',NULL),(4371,4891,5,'Flucht','',NULL),(4381,4901,5,'Karte','',NULL),(4391,4911,2,'cat','',NULL),(4401,4921,2,'rat','',NULL),(4411,4931,5,'durch','',NULL),(4421,4941,2,'thick','',NULL),(4431,4951,5,'wolte','',NULL),(4441,4961,5,'gerne','',NULL),(4451,4971,5,'mitten','',NULL),(4461,5001,5,'mitternacht','',NULL),(4471,5011,3,'help','',NULL),(4481,5051,5,'Hexe','',NULL),(4491,5061,5,'keine','',NULL),(4501,5071,5,'lesen','',NULL),(4511,5081,5,'nicht','',NULL),(4521,5091,5,'Magen','',NULL),(4531,5101,5,'Taschenlampe','',NULL),(4541,5111,2,'leather','',NULL),(4551,5121,5,'Feder','',NULL),(4561,5131,5,'schreiben','',NULL),(4571,5141,5,'Nase','',NULL),(4581,5151,5,'fast','',NULL),(4591,5161,5,'Treppe','',NULL),(4601,5171,5,'vier','',NULL),(4611,5181,5,'Ursache','',NULL),(4621,5191,5,'gewesen','',NULL),(4631,5201,5,'hier','',NULL),(4641,5211,2,'family','',NULL),(4651,5221,2,'room','',NULL),(4661,5231,5,'befand','',NULL),(4671,5241,5,'wer','',NULL),(4681,5251,5,'umkehren','',NULL),(4691,5261,2,'of','',NULL),(4701,5271,2,'Freunde','',NULL),(4711,5281,5,'Voraussage','',NULL),(4721,5291,5,'Mittelalter','',NULL),(4731,5301,5,'vorsichtig','',NULL),(4741,5311,2,'week','',NULL),(4751,5321,2,'therefore','',NULL),(4761,5331,5,'möjligt','',NULL),(4771,5341,2,'second','',NULL),(4781,5351,2,'arrows','',NULL),(4791,5371,5,'dort','',NULL),(4801,5381,2,'remember','',NULL),(4811,5401,2,'time','',NULL),(4821,5411,5,'Frühstück','',NULL),(4831,5421,5,'erwachen','',NULL),(4841,5441,5,'dritte','',NULL),(4851,5451,2,'yelled','',NULL),(4861,5461,5,'musst','',NULL),(4871,5471,5,'verschwinden','',NULL),(4881,5481,5,'versucht','',NULL),(4891,5491,5,'erklären','',NULL),(4901,5501,5,'around','',NULL),(4911,5511,5,'Himmel','',NULL),(4921,5531,2,'dark','',NULL),(4931,5541,5,'Blick','',NULL),(4941,5561,5,'ohne','',NULL),(4951,5571,2,'school meal','',NULL),(4961,5601,5,'oder','',NULL),(4971,5611,2,'how','',NULL),(4981,5651,2,'heavily','',NULL),(4991,5661,5,'Feind','',NULL),(5001,5671,2,'hastily','',NULL),(5011,5681,1,'θειος','',NULL),(5021,5691,5,'gewarnt','',NULL),(5031,5701,5,'denken','',NULL),(5041,5711,2,'tolerate','',NULL),(5051,5721,11,'ikke','',NULL),(5061,5741,5,'Dach','',NULL),(5071,5751,5,'danke','',NULL),(5081,5761,4,'ненормальный','',NULL),(5091,5771,5,'Gesicht','',NULL),(5101,5781,2,'certainly','',NULL),(5111,5801,2,'sat','',NULL),(5121,5811,5,'Augen','',NULL),(5131,5821,2,'vigilant','',NULL),(5141,5831,5,'können','',NULL),(5151,5841,2,'opened','',NULL),(5161,5861,4,'мальчик','',NULL),(5171,5871,2,'guard','',NULL),(5181,5881,5,'Welt','',NULL),(5191,5891,2,'six','',NULL),(5201,5901,4,'два','',NULL),(5211,5911,2,'places','',NULL),(5221,5931,2,'heartily','',NULL),(5231,5941,2,'willkommen','',NULL),(5241,5951,5,'sein','',NULL),(5251,5961,11,'hjem','',NULL),(5261,5971,2,'good','',NULL),(5271,5981,2,'dirty','',NULL),(5281,5991,5,'Ohren','',NULL),(5291,6001,5,'verstanden','',NULL),(5301,6011,2,'let','',NULL),(5311,6021,2,'drink','',NULL),(5321,6031,5,'Kunst','',NULL),(5331,6041,5,'verboten','',NULL),(5341,6051,5,'Spieler','',NULL),(5351,6061,5,'Augenblick','',NULL),(5361,6081,5,'verloren','',NULL),(5371,6091,5,'behandelt','',NULL),(5381,6101,5,'gewesen','',NULL),(5391,6111,5,'warum','',NULL),(5401,6121,5,'Kraft','',NULL),(5411,6131,2,'sister','',NULL),(5421,6141,2,'twelve','',NULL),(5431,6151,5,'wichtig','',NULL),(5441,6161,5,'am besten','',NULL),(5451,6171,2,'affair','',NULL),(5461,6181,2,'book','',NULL),(5471,6191,2,'wagons','',NULL),(5481,6201,2,'bark','',NULL),(5491,6211,2,'quaking','',NULL),(5501,6221,2,'evening','',NULL),(5511,6231,2,'triumph','',NULL),(5521,6241,5,'Möbel','',NULL),(5531,6251,2,'said','',NULL),(5541,6261,5,'langsam','',NULL),(5551,6271,5,'Mittag','',NULL),(5561,6281,5,'sagt','',NULL),(5571,6291,5,'Jacken','',NULL),(5581,6301,5,'Spaß','',NULL),(5591,6311,5,'plötzlich','',NULL),(5601,6331,2,'price','',NULL),(5611,6341,2,'suspect','',NULL),(5621,6351,5,'vergangene','',NULL),(5631,6361,5,'bushy','',NULL),(5641,6371,2,'out','',NULL),(5651,6381,2,'drop','',NULL),(5661,6391,2,'quarrel','',NULL),(5671,6401,2,'extended','',NULL),(5681,6411,1,'rapning','',NULL),(5691,6421,2,'pair','',NULL),(5701,6431,2,'stick pan','',NULL),(5711,6451,2,'let','',NULL),(5721,6461,2,'bullshit','',NULL),(5731,6471,2,'sides','',NULL),(5741,6481,2,'stool','',NULL),(5751,6491,2,'so','',NULL),(5761,6511,2,'broad','',NULL),(5771,6521,2,'great','',NULL),(5781,6531,2,'little','',NULL),(5791,6541,2,'shriek','',NULL),(5801,6561,2,'spit','',NULL),(5811,6571,2,'but','',NULL),(5821,6581,2,'small','',NULL),(5831,6591,5,'seit','',NULL),(5841,6601,5,'Ende','',NULL),(5851,6611,5,'unglücklich','',NULL),(5861,6621,2,'much','',NULL),(5871,6631,5,'Schloss','',NULL),(5881,6651,5,'Platz','',NULL),(5891,6661,5,'in diesem Fall','',NULL),(5901,6671,5,'auf','',NULL),(5911,6691,5,'scar','',NULL),(5921,6701,5,'Blitz','',NULL),(5931,6711,5,'vorher','',NULL),(5941,6721,5,'nachher','',NULL),(5951,6751,5,'sie','',NULL),(5961,6761,5,'tonelosig','',NULL),(5971,6781,5,'weiblich','',NULL),(5981,6791,2,'rear','',NULL),(5991,6801,11,'solskinvejr','',NULL),(6001,6811,5,'strahlend','',NULL),(6011,6821,5,'Geburtstag','',NULL),(6021,6841,5,'Berg','',NULL),(6031,6851,5,'gemalt','',NULL),(6041,6861,5,'trotz','',NULL),(6051,6871,2,'regret','',NULL),(6061,6881,2,'archenemy','',NULL),(6071,6891,5,'fest','',NULL),(6081,6901,5,'befunden','',NULL),(6091,6911,2,'grip','',NULL),(6101,6921,5,'Diener','',NULL),(6111,6931,5,'Weg','',NULL),(6121,6941,1,'hochst','',NULL),(6131,6951,5,'selten','',NULL),(6141,6961,2,'detest','',NULL),(6151,6971,2,'than','',NULL),(6161,6981,2,'someone','',NULL),(6171,7011,5,'dick','',NULL),(6181,7021,2,'thin','',NULL),(6191,7031,5,'Nachbarn','',NULL),(6201,7041,4,'сестра','',NULL),(6211,7061,2,'owl','',NULL),(6221,7071,2,'again','',NULL),(6231,7081,5,'Sterne','',NULL),(6241,7091,5,'Licht','',NULL),(6251,7101,5,'fühlen','',NULL),(6261,7111,5,'Spiel','',NULL),(6271,7121,5,'natürlich','',NULL),(6281,7131,5,'vollkommen','',NULL),(6291,7141,2,'cork','',NULL),(6301,7151,2,'sinnlos','',NULL),(6311,7161,2,'obvious','',NULL),(6321,7191,1,'λεμονι','Vita -C лимончик',NULL),(6331,7201,1,'εχθρός','враг Stockman Ibsen',NULL),(6341,7211,1,'καιρούς',' В древние времена у людей не было интернета',NULL),(6351,7221,1,'σοφή','богиа афины',NULL),(6361,7231,1,'όμορφη','красный елена из царюм спарта',NULL),(6371,7241,1,'about','',NULL),(6381,7281,1,'κεφάλι','B ГОЛОВЫ был глаза',NULL),(6391,7291,1,'ομως','',NULL),(6401,7301,1,'αδύνατος','',NULL),(6411,7311,5,'Fehler','',NULL),(6421,7321,5,'näher','',NULL),(6431,7331,5,'schlafen','',NULL),(6441,7341,5,'anerkannt','',NULL),(6451,7351,5,'Vorname','',NULL),(6461,7361,2,'illegal','',NULL),(6471,7371,2,'Ausland','',NULL),(6481,7381,5,'würdig','',NULL),(6491,7391,2,'controlled','',NULL),(6501,7401,2,'cohabitation','',NULL),(6511,7411,5,'hörbar','',NULL),(6521,7421,5,'ganz','',NULL),(6531,7431,5,'herzhaft','',NULL),(6541,7441,2,'current','luftstrømning',NULL),(6551,7451,5,'gesund','',NULL),(6561,7461,2,'open','',NULL),(6571,7471,5,'Vorsitzende','',NULL),(6581,7481,5,'Pflegevater','',NULL),(6591,7491,5,'kalt','',NULL),(6601,7501,2,'good afternoon','',NULL),(6611,7511,5,'Schwägerin','',NULL),(6621,7521,2,'incomprehensible','',NULL),(6631,7531,1,'απαιτούμενο','',NULL),(6641,7541,1,'σπίρτα','',NULL),(6651,7551,3,'flawless','',NULL),(6661,7561,2,'contemporary','',NULL),(6671,7571,2,'excellent','',NULL),(6681,7581,2,'watery','',NULL),(6691,7601,2,'common','',NULL),(6701,7611,1,'όσον αφορά','',NULL),(6711,7621,2,'screaming','schriek',NULL),(6721,7631,1,'ζηλιάρης','',NULL),(6731,7641,1,'γιατρικο','',NULL),(6741,7651,2,'horrify','',NULL),(6751,7661,1,'τρίμηνο','ενα τέταρτο του χρόνου',NULL),(6761,7671,1,'κρατώ μυστικό','',NULL),(6771,7681,5,'Stein','',NULL),(6781,7691,2,'carried away','',NULL),(6791,7701,2,'ravage','',NULL),(6801,7711,2,'confused','',NULL),(6811,7721,2,'record','',NULL),(6821,7731,2,'yield','',NULL),(6831,7741,2,'odd','',NULL),(6841,7761,2,'erfahren','',NULL),(6851,7771,1,'σκουριάζω','',NULL),(6861,7781,1,'πυροβολώ','',NULL),(6871,7791,1,'επιτρέπω','',NULL),(6881,7801,2,'keep safe','',NULL),(6891,7811,2,'squeeze','',NULL),(6901,7821,1,'μπερδέυεω','',NULL),(6911,7831,5,'versorgen','',NULL),(6921,7841,2,'embarrassment','',NULL),(6931,7851,2,'εξερευνώ','',NULL),(6941,7861,1,'περιστατικό','',NULL),(6951,7881,2,'decay','',NULL),(6961,7891,2,'decipher','',NULL),(6971,7901,5,'setzen','',NULL),(6981,7911,2,'measure','',NULL),(6991,7921,1,'υπνοβάτης','',NULL),(7001,7931,1,'παράκαμψη','',NULL),(7011,7941,1,'μαντεύω','',NULL),(7021,7951,2,'authority','',NULL),(7031,7961,2,'atone','',NULL),(7041,7971,2,'crush','',NULL),(7051,7981,1,'ώρα','которо час',NULL),(7061,7991,1,'αποσκευές','α λα γαλλικά',NULL),(7071,8001,4,'понимать','',NULL),(7081,8011,1,'διαβάζω','я читал книг',NULL),(7091,8021,2,'asleep','',NULL),(7101,8031,2,'owner','хозяева и работник',NULL),(7111,8041,1,'μικρός','маленькой eyolf',NULL),(7121,8051,1,'πάντα','все  когдагда',NULL),(7131,8061,1,'έλα','иди сиода',NULL),(7141,8071,1,'καλει','',NULL),(7151,8081,1,'απαντώ','',NULL),(7161,8091,1,'ξεχνώ','',NULL),(7171,8101,1,'σήμερα','RT Russia сегодная',NULL),(7181,8111,1,'already','',NULL),(7191,8121,5,'zusammen','',NULL),(7201,8131,5,'φυσικα','',NULL),(7211,8141,1,'γονείς','',NULL),(7221,8161,2,'repeat','',NULL),(7231,8171,1,'εικόνα','',NULL),(7241,8181,2,'Where','',NULL),(7251,8191,1,'δείγμα','',NULL),(7261,8201,2,'milk','',NULL),(7271,8211,1,'επιστολή','',NULL),(7281,8221,1,'άσχημα','',NULL),(7291,8231,1,'πρωί','',NULL),(7301,8241,1,'φιλη','',NULL),(7311,8251,1,'μάθημα','',NULL),(7321,8261,1,'ψάρια','',NULL),(7331,8271,1,'πόλη','St Petersburg',NULL),(7341,8281,1,'τσάντα','',NULL),(7351,8291,1,'άυριο','',NULL),(7361,8301,1,'εργοστάσιο','',NULL),(7371,8311,1,'σκυλί','',NULL),(7381,8321,1,'καπέλο','',NULL),(7391,8331,1,'μαχαίρι','',NULL),(7401,8341,1,'κουτάλι','',NULL),(7411,8351,1,'ήχος','',NULL),(7421,8361,1,'γλώσσα','ryskogo ',NULL),(7431,8371,1,'ακούω','',NULL),(7441,8381,1,'εδώ','тут есть книг',NULL),(7451,8391,1,'εικόνα','посмотри на рисунок и раскажи',NULL),(7461,8411,1,'απάντησε','ответил  на вопросы',NULL),(7471,8441,2,'much','',NULL),(7481,8451,1,'λίγα','',NULL),(7491,8501,5,'Saft','',NULL),(7501,8511,1,'τυρί','',NULL),(7511,8571,1,'πρωϊνό','',NULL),(7521,8581,1,'καιρος','',NULL),(7531,8591,1,'μήλο','',NULL),(7541,8601,1,'με συγχωρείτε','',NULL),(7551,8611,1,'ομπρέλα','',NULL),(7561,8641,1,'μολύβι','',NULL),(7571,8651,1,'αντίο','',NULL),(7581,8661,1,'ζεστό','',NULL),(7591,8671,1,'επιστολή','',NULL),(7601,8691,1,'θέση','',NULL),(7611,8701,1,'καλοκαίρι','',NULL),(7621,8711,2,'laptop','',NULL),(7631,8721,1,'φθινόπωρο','',NULL),(7641,8731,1,'εκεί','',NULL),(7651,8741,1,'τραγούδι','',NULL),(7661,8751,1,'άσκηση','',NULL),(7671,8761,1,'γιατρός','',NULL),(7681,8771,2,'thing','',NULL),(7691,8781,1,'κούπα','',NULL),(7701,8791,1,'στυλό','',NULL),(7711,8801,1,'ΕΛΤΑ','',NULL),(7721,8811,1,'περιοχή','',NULL),(7731,8821,2,'dormitories','',NULL),(7741,8831,1,'παγωτό','',NULL),(7751,8841,1,'κήπος','Τσέχωφ',NULL),(7761,8851,1,'ζέστη','',NULL),(7771,8861,1,'απόγευμα','',NULL),(7781,8871,1,'τηλεφωνό','',NULL),(7791,8881,2,'not allowed','',NULL),(7801,8891,1,'αρθρο','',NULL),(7811,8901,1,'φίλοι','',NULL),(7821,8911,2,'farmer','',NULL),(7831,8921,1,'δείπνο','',NULL),(7841,8931,1,'εισιτήριο','',NULL),(7851,8941,1,'άνοιξη','',NULL),(7861,8951,1,'φάκελος','',NULL),(7871,8961,1,'διακοπή','',NULL),(7881,8971,1,'λεφτά','',NULL),(7891,8981,1,'χημικός','',NULL),(7901,8991,1,'Κίνα','PRC',NULL),(7911,9001,1,'τιμή','',NULL),(7921,9011,5,'Strasse','',NULL),(7931,9021,1,'πρωτεύοσα','столица афины',NULL),(7941,9031,1,'τραπέζι','',NULL),(7951,9041,1,'ξενοδοχείο','',NULL),(7961,9051,1,'παιδί','посмотрите на ребенка',NULL),(7971,9061,1,'δεξιά','',NULL),(7981,9071,1,'αριστερά','',NULL),(7991,9081,2,'also','',NULL);
/*!40000 ALTER TABLE `translations` ENABLE KEYS */;
UNLOCK TABLES;

--
-- Table structure for table `words`
--

DROP TABLE IF EXISTS `words`;
/*!40101 SET @saved_cs_client     = @@character_set_client */;
/*!40101 SET character_set_client = utf8 */;
CREATE TABLE `words` (
  `wor_id` int(10) unsigned NOT NULL AUTO_INCREMENT,
  `wor_langid` tinyint(3) unsigned NOT NULL DEFAULT '4',
  `wor_word` varchar(45) NOT NULL,
  `wor_pronounce` varchar(45) DEFAULT NULL,
  `wor_added` date DEFAULT NULL,
  `wor_stem` varchar(45) DEFAULT NULL,
  `wor_due` date DEFAULT NULL,
  `wor_avg_days_due` float unsigned DEFAULT '0',
  `wor_comment` varchar(45) DEFAULT NULL,
  `wor_checked` date DEFAULT NULL,
  `wor_posid` tinyint(3) unsigned DEFAULT '1',
  `wor_times_tested` int(10) unsigned DEFAULT '0',
  `wor_lvl` varchar(1) DEFAULT 'X',
  `wor_source_id` tinyint(3) unsigned DEFAULT '1',
  PRIMARY KEY (`wor_id`),
  UNIQUE KEY `wor_word_UNIQUE` (`wor_word`),
  KEY `wor_langid` (`wor_langid`),
  KEY `words_src_fk_idx` (`wor_source_id`),
  CONSTRAINT `words_ibfk_1` FOREIGN KEY (`wor_langid`) REFERENCES `languages` (`lan_id`),
  CONSTRAINT `words_src_fk` FOREIGN KEY (`wor_source_id`) REFERENCES `sources` (`src_id`)
) ENGINE=InnoDB AUTO_INCREMENT=9091 DEFAULT CHARSET=utf8;
/*!40101 SET character_set_client = @saved_cs_client */;

--
-- Dumping data for table `words`
--

LOCK TABLES `words` WRITE;
/*!40000 ALTER TABLE `words` DISABLE KEYS */;
INSERT INTO `words` VALUES (1,4,'Я','','2019-06-17',NULL,'2019-12-19',0,NULL,'2019-09-20',1,1,'X',1),(2,4,'любить','','2019-06-17',NULL,'2019-09-23',0,NULL,'2019-09-20',1,1,'X',1),(3,4,'пассажир','','2019-06-17',NULL,'2019-12-19',0,NULL,'2019-09-20',1,1,'X',11),(4,5,'Jenseits','','2019-06-17',NULL,'2020-02-01',90,NULL,'2019-11-03',1,1,'X',1),(11,4,'тетя',NULL,'2019-06-17',NULL,'2019-12-19',0,NULL,'2019-09-20',1,1,'X',1),(21,4,'крыша',NULL,'2019-06-17',NULL,'2019-12-19',0,NULL,'2019-09-20',1,1,'X',1),(31,4,'часов',NULL,'2019-06-17',NULL,'2019-12-19',0,NULL,'2019-09-20',1,1,'X',1),(41,4,'деять',NULL,'2019-06-17',NULL,'2019-09-23',0,NULL,'2019-09-20',1,1,'X',1),(51,4,'дядя',NULL,'2019-06-17',NULL,'2019-12-19',0,NULL,'2019-09-20',1,1,'X',1),(61,4,'хоть',NULL,'2019-06-17',NULL,'2019-09-24',0,NULL,'2019-09-20',1,1,'X',1),(71,4,'парах',NULL,'2019-06-17',NULL,'2019-12-19',0,NULL,'2019-09-20',1,1,'X',1),(81,4,'насилу',NULL,'2019-06-17',NULL,'2019-09-27',1,NULL,'2019-09-25',1,2,'X',1),(91,4,'было',NULL,'2019-06-17',NULL,'2019-12-19',0,NULL,'2019-09-20',1,1,'X',1),(101,4,'свяэь',NULL,'2019-06-17',NULL,'2019-09-26',1,NULL,'2019-09-25',1,1,'X',1),(111,4,'трудно',NULL,'2019-06-17',NULL,'2019-12-19',0,NULL,'2019-09-20',1,1,'X',1),(121,4,'границы',NULL,'2019-06-17',NULL,'2019-12-19',0,NULL,'2019-09-20',1,1,'X',1),(131,4,'Французский',NULL,'2019-06-17',NULL,'2019-12-19',0,NULL,'2019-09-20',1,1,'X',1),(141,4,'мощность',NULL,'2019-06-17',NULL,'2019-09-27',1,NULL,'2019-09-25',1,2,'X',1),(151,4,'дороги',NULL,'2019-06-17',NULL,'2019-12-19',0,NULL,'2019-09-20',1,1,'X',1),(161,4,'жить',NULL,'2019-06-17',NULL,'2019-12-19',0,NULL,'2019-09-20',1,1,'X',1),(171,4,'благодаря',NULL,'2019-06-17',NULL,'2019-10-13',0,NULL,'2019-10-13',1,2,'X',1),(181,4,'женщина',NULL,'2019-06-17',NULL,'2019-12-19',0,NULL,'2019-09-20',1,1,'X',1),(191,4,'каждый',NULL,'2019-06-17',NULL,'2019-12-19',0,NULL,'2019-09-20',1,1,'X',1),(201,4,'железные',NULL,'2019-06-17',NULL,'2019-12-19',0,NULL,'2019-09-20',1,1,'X',1),(211,4,'оттепель',NULL,'2019-06-17',NULL,'2019-09-22',0,NULL,'2019-09-20',1,1,'X',1),(221,4,'шагах',NULL,'2019-06-17',NULL,'2019-12-19',0,NULL,'2019-09-20',1,1,'X',1),(231,4,'влево',NULL,'2019-06-17',NULL,'2019-12-19',0,NULL,'2019-09-20',1,1,'X',1),(241,4,'сыро',NULL,'2019-06-17',NULL,'2019-09-28',1.5,NULL,'2019-09-25',1,3,'X',1),(251,4,'окон',NULL,'2019-06-17',NULL,'2019-12-19',0,NULL,'2019-09-20',1,1,'X',1),(261,4,'книга',NULL,'2019-06-17',NULL,'2019-12-19',0,NULL,'2019-09-20',1,1,'X',1),(271,4,'туман',NULL,'2019-06-17',NULL,'2019-12-19',0,NULL,'2019-09-20',1,1,'X',1),(281,4,'конец',NULL,'2019-06-17',NULL,'2019-12-19',0,NULL,'2019-09-20',1,1,'X',1),(291,4,'счастливый',NULL,'2019-06-17',NULL,'2019-12-19',0,NULL,'2019-09-20',1,1,'X',1),(301,4,'немецкий','nemetskiy','2019-07-03',NULL,'2019-12-19',0,NULL,'2019-09-20',1,1,'X',1),(311,4,'зима','zimá','2019-07-03',NULL,'2020-02-01',90,NULL,'2019-11-03',1,1,'X',1),(321,4,'похожи','pakhózhi','2019-07-04',NULL,'2019-12-19',0,NULL,'2019-09-20',1,1,'X',1),(331,4,'каждая','kazdaya','2019-07-04',NULL,'2020-02-14',45,NULL,'2019-11-16',1,2,'X',1),(341,4,'по-своему','kazdaya','2019-07-04',NULL,'2020-02-14',45,NULL,'2019-11-16',1,2,'X',1),(351,4,'жена','zhená','2019-07-04',NULL,'2020-02-14',45,NULL,'2019-11-16',1,2,'X',1),(361,4,'муж','myzh','2019-07-04',NULL,'2019-12-19',0,NULL,'2019-09-20',1,1,'X',1),(371,4,'батюшка','bátyuska','2019-07-04',NULL,'2019-12-19',0,NULL,'2019-09-20',1,1,'X',1),(381,4,'выпить','vypit','2019-07-04',NULL,'2020-04-01',50,NULL,'2019-11-03',1,3,'X',1),(391,4,'ррошлое','próshloye','2019-07-04',NULL,'2019-10-06',0,NULL,'2019-10-06',1,2,'X',1),(401,4,'знакомиться','znakómitsya','2019-07-04',NULL,'2020-02-08',0,NULL,'2019-09-11',1,0,'X',1),(411,4,'сюда','syudá','2019-07-04',NULL,'2019-12-19',0,NULL,'2019-09-20',1,1,'X',1),(421,4,'молодой','maládoy','2019-07-05',NULL,'2019-12-19',0,NULL,'2019-09-20',1,1,'X',1),(431,4,'бог','','2019-07-15',NULL,'2019-12-19',0,NULL,'2019-09-20',1,1,'X',1),(451,4,'нам','','2019-07-15',NULL,'2019-12-19',0,NULL,'2019-09-20',1,1,'X',1),(461,4,'нас','','2019-07-15',NULL,'2019-12-19',0,NULL,'2019-09-20',1,1,'X',1),(471,4,'наш','','2019-07-15',NULL,'2019-12-19',0,NULL,'2019-09-20',1,1,'X',1),(481,4,'лет','','2019-07-15',NULL,'2019-12-19',0,NULL,'2019-09-20',1,1,'X',1),(581,4,'сказать','','2019-07-15',NULL,'2019-12-19',0,NULL,'2019-09-20',1,1,'X',1),(591,4,'человек','','2019-07-15',NULL,'2019-12-19',0,NULL,'2019-09-20',1,1,'X',1),(601,4,'люди','','2019-07-15',NULL,'2019-12-19',0,NULL,'2019-09-20',1,1,'X',1),(611,4,'операция','','2019-07-15',NULL,'2019-12-19',0,NULL,'2019-09-20',1,1,'X',1),(621,4,'спасибо','','2019-07-15',NULL,'2019-12-19',0,NULL,'2019-09-20',1,1,'X',1),(631,4,'думать','','2019-07-15',NULL,'2019-12-06',10,NULL,'2019-11-16',1,2,'X',1),(641,11,'jeg','','2019-07-15',NULL,'2020-02-17',0,NULL,'2019-09-20',1,1,'X',1),(651,11,'mig','','2019-07-15',NULL,'2019-12-23',0,NULL,'2019-09-24',1,1,'X',1),(661,11,'min','','2019-07-15',NULL,'2019-12-12',13,NULL,'2019-11-03',1,3,'X',1),(671,11,'han','','2019-07-15',NULL,'2019-12-23',0,NULL,'2019-09-24',1,1,'X',1),(691,11,'hans','','2019-07-15',NULL,'2019-12-23',0,NULL,'2019-09-24',1,1,'X',1),(701,11,'sig','','2019-07-15',NULL,'2019-12-23',0,NULL,'2019-09-24',1,1,'X',1),(711,11,'hun','','2019-07-15',NULL,'2019-12-23',0,NULL,'2019-09-24',1,1,'X',1),(721,11,'hendes','','2019-07-15',NULL,'2019-12-29',33.5,NULL,'2019-10-23',1,2,'X',1),(731,11,'vi','','2019-07-15',NULL,'2019-12-23',0,NULL,'2019-09-24',1,1,'X',1),(741,11,'os','','2019-07-15',NULL,'2019-12-07',0,NULL,'2019-09-20',1,1,'X',1),(751,11,'vores','','2019-07-15',NULL,'2019-12-19',0,NULL,'2019-09-20',1,1,'X',1),(761,11,'dårlig','','2019-07-15',NULL,'2019-09-27',2,NULL,'2019-09-25',1,1,'X',1),(771,11,'stemme','','2019-07-15',NULL,'2019-12-19',0,NULL,'2019-09-20',1,1,'X',1),(781,11,'vil','','2019-07-15',NULL,'2019-12-13',13.3333,NULL,'2019-11-03',1,3,'X',1),(791,11,'stående','','2019-07-15',NULL,'2019-10-13',0,NULL,'2019-10-13',1,1,'X',1),(801,11,'stå','','2019-07-15',NULL,'2019-11-05',30,NULL,'2019-10-06',1,1,'X',1),(821,11,'Herre','','2019-07-15',NULL,'2019-12-19',0,NULL,'2019-09-20',1,1,'X',1),(831,11,'lyse','','2019-07-15',NULL,'2019-12-19',0,NULL,'2019-09-20',1,1,'X',1),(841,11,'dag','','2019-07-15',NULL,'2019-12-19',0,NULL,'2019-09-20',1,1,'X',1),(851,11,'mennesker','','2019-07-15',NULL,'2022-05-04',900,NULL,'2019-11-16',1,1,'X',1),(861,4,'одна','Pronouncation','2019-07-23',NULL,'2019-12-19',0,NULL,'2019-09-20',1,1,'X',1),(871,4,'теперь','Pronouncation','2019-07-23',NULL,'2020-02-14',30,NULL,'2019-11-16',1,3,'X',1),(881,4,'сплю','Pronouncation','2019-07-23',NULL,'2020-03-26',45,NULL,'2019-12-27',1,2,'X',1),(891,4,'пью','Pronouncation','2019-07-23',NULL,'2020-02-14',30,NULL,'2019-11-16',1,3,'X',1),(901,11,'aldrig','',NULL,'','2019-12-19',0,'','2019-09-20',1,1,'X',1),(911,11,'arbejde','',NULL,'','2019-12-19',0,'','2019-09-20',1,1,'X',1),(921,11,'asylet','',NULL,'','2019-12-19',0,'','2019-09-20',1,1,'X',1),(931,11,'aviser','',NULL,'','2020-01-04',45,'','2019-10-06',1,2,'X',1),(941,11,'baade','',NULL,'','2019-12-19',0,'','2019-09-20',1,1,'X',1),(951,11,'barnet','',NULL,'','2019-12-19',0,'','2019-09-20',1,1,'X',1),(961,11,'bøger','',NULL,'','2020-01-21',30,'','2019-10-23',1,3,'X',1),(971,11,'daggen','',NULL,'','2019-12-19',0,'','2019-09-20',1,1,'X',1),(981,11,'datter','',NULL,'','2019-12-19',0,'','2019-09-20',1,1,'X',1),(991,11,'denne','',NULL,'','2019-10-13',0,'','2019-10-13',1,1,'X',1),(1001,11,'det','',NULL,'','2019-12-23',0,'','2019-09-24',1,1,'X',1),(1011,11,'dig','',NULL,'','2019-12-19',0,'','2019-09-20',1,1,'X',1),(1021,11,'drikke','',NULL,'','2019-10-26',20,'','2019-10-06',1,1,'X',1),(1041,11,'død','',NULL,'','2019-12-19',0,'','2019-09-20',1,1,'X',1),(1051,11,'dør','',NULL,'','2019-12-19',0,'','2019-09-20',1,1,'X',1),(1061,11,'ej','',NULL,'','2019-12-15',70,'','2019-10-06',1,1,'X',1),(1071,11,'ikke','',NULL,'','2019-12-19',0,'','2019-09-20',1,1,'X',1),(1081,11,'er','',NULL,'','2020-01-04',45,'','2019-10-06',1,2,'X',1),(1091,11,'far','',NULL,'','2020-01-21',30,'','2019-10-23',1,3,'X',1),(1101,11,'mor','',NULL,'','2019-12-19',0,'','2019-09-20',1,1,'X',1),(1111,11,'farvel','',NULL,'','2019-12-19',0,'','2019-09-20',1,1,'X',1),(1121,11,'favn','',NULL,'','2020-02-14',30,'','2019-11-16',1,3,'X',1),(1131,11,'Kniv','',NULL,'','2019-12-15',35,'','2019-10-06',1,2,'X',1),(1141,11,'fisk','',NULL,'','2020-01-21',45,'','2019-10-23',1,2,'X',1),(1151,11,'fjeld','',NULL,'','2019-12-19',0,'','2019-09-20',1,1,'X',1),(1161,11,'flammer','',NULL,'','2019-12-19',0,'','2019-09-20',1,1,'X',1),(1171,11,'foden','',NULL,'','2020-01-28',31,'','2019-10-30',1,3,'X',1),(1181,11,'for','',NULL,'','2020-01-14',100,'','2019-10-06',1,1,'X',1),(1191,11,'foregår','',NULL,'','2019-10-23',0,'','2019-10-23',1,2,'X',1),(1201,11,'foss','',NULL,'','2019-12-23',0,'','2019-09-24',1,1,'X',1),(1211,11,'fra','',NULL,'','2020-01-21',45,'','2019-10-23',1,2,'X',1),(1221,11,'frem','',NULL,'','2019-09-12',0,'',NULL,1,0,'X',1),(1241,11,'før','',NULL,'','2019-10-30',3.5,'','2019-10-23',1,2,'X',1),(1251,11,'gaar','',NULL,'','2019-12-23',0,'','2019-09-24',1,1,'X',1),(1261,11,'gaarden','',NULL,'','2019-12-19',0,'','2019-09-20',1,1,'X',1),(1271,11,'gavn','',NULL,'','2019-10-13',0,'','2019-10-13',1,1,'X',1),(1281,11,'gisp','',NULL,'','2019-12-19',0,'','2019-09-20',1,1,'X',1),(1291,11,'Gud','',NULL,'','2019-12-23',0,'','2019-09-24',1,1,'X',1),(1301,11,'halvmørkt','',NULL,'','2019-12-19',0,'','2019-09-20',1,1,'X',1),(1311,11,'halvvoxne','',NULL,'','2019-12-19',0,'','2019-09-20',1,1,'X',1),(1341,11,'heder','',NULL,'','2019-11-08',0,'','2019-09-24',1,1,'X',1),(1351,11,'hinder','',NULL,'','2019-10-13',0,'','2019-10-13',1,2,'X',1),(1361,11,'hjem','',NULL,'','2019-12-19',0,'','2019-09-20',1,1,'X',1),(1371,11,'hjælp','',NULL,'','2019-12-19',0,'','2019-09-20',1,1,'X',1),(1381,11,'holde','',NULL,'','2019-10-13',0,'','2019-10-13',1,2,'X',1),(1411,11,'hustru','',NULL,'','2019-12-19',0,'','2019-09-20',1,1,'X',1),(1421,11,'hvad','',NULL,'','2019-10-13',0,'','2019-10-13',1,2,'X',1),(1431,11,'i','',NULL,'','2019-12-23',0,'','2019-09-24',1,1,'X',1),(1441,11,'idag','',NULL,'','2019-12-19',0,'','2019-09-20',1,1,'X',1),(1451,11,'imod','',NULL,'','2019-09-12',0,'',NULL,1,0,'X',1),(1461,11,'imorgen','',NULL,'','2019-12-19',0,'','2019-09-20',1,1,'X',1),(1481,11,'kamme','',NULL,'','2019-12-23',0,'','2019-09-24',1,1,'X',1),(1491,11,'kan','',NULL,'','2019-12-25',40,'','2019-10-06',1,2,'X',1),(1501,11,'kahnænde','',NULL,'','2019-09-12',0,'',NULL,1,0,'X',1),(1511,11,'kender','',NULL,'','2019-12-21',50,'','2019-11-01',1,1,'X',1),(1521,11,'kirke','',NULL,'','2020-01-04',45,'','2019-10-06',1,2,'X',1),(1531,11,'klokken','',NULL,'','2019-12-19',0,'','2019-09-20',1,1,'X',1),(1541,11,'kommer','',NULL,'','2019-12-19',0,'','2019-09-20',1,1,'X',1),(1551,11,'krig','',NULL,'','2019-12-19',0,'','2019-09-20',1,1,'X',1),(1561,11,'landejendom','',NULL,'','2019-11-19',0,'','2019-09-24',1,1,'X',1),(1571,11,'landskab','',NULL,'','2020-02-14',45,'','2019-11-16',1,2,'X',1),(1581,11,'ligger','',NULL,'','2019-12-19',0,'','2019-09-20',1,1,'X',1),(1591,11,'lykke','',NULL,'','2020-03-30',50,'','2019-11-01',1,3,'X',1),(1611,11,'solen','',NULL,'','2019-12-19',0,'','2019-09-20',1,1,'X',1),(1621,11,'solskinvejr','',NULL,'','2019-12-19',0,'','2019-09-20',1,1,'X',1),(1631,11,'maa','',NULL,'','2020-02-01',45,'','2019-11-03',1,2,'X',1),(1641,11,'mange','',NULL,'','2019-12-19',0,'','2019-09-20',1,1,'X',1),(1651,11,'magt','',NULL,'','2019-12-15',35,'','2019-10-06',1,2,'X',1),(1671,11,'med','',NULL,'','2019-12-19',0,'','2019-09-20',1,1,'X',1),(1681,11,'met','',NULL,'','2019-12-13',0,'','2019-09-24',1,1,'X',1),(1691,11,'menneske','',NULL,'','2019-12-19',0,'','2019-09-20',1,1,'X',1),(1701,11,'midten','',NULL,'','2020-01-04',90,'','2019-10-06',1,1,'X',1),(1711,11,'navn','',NULL,'','2019-12-23',0,'','2019-09-24',1,1,'X',1),(1721,11,'nogen','',NULL,'','2019-09-30',0,'','2019-09-24',1,1,'X',1),(1731,11,'Norge','',NULL,'','2019-12-19',0,'','2019-09-20',1,1,'X',1),(1741,11,'nok','',NULL,'','2019-10-13',0,'','2019-10-13',1,1,'X',1),(1751,11,'når','',NULL,'','2019-09-12',0,'',NULL,1,0,'X',1),(1761,11,'of','',NULL,'','2020-01-04',90,'','2019-10-06',1,1,'X',1),(1771,11,'og','',NULL,'','2019-12-19',0,'','2019-09-20',1,1,'X',1),(1791,11,'ovenpå','',NULL,'','2020-09-11',150,'','2019-11-16',1,2,'X',1),(1801,11,'over','',NULL,'','2019-12-19',0,'','2019-09-20',1,1,'X',1),(1811,11,'presten','',NULL,'','2019-12-19',0,'','2019-09-20',1,1,'X',1),(1821,11,'regn','',NULL,'','2019-12-19',0,'','2019-09-20',1,1,'X',1),(1831,11,'resjen','',NULL,'','2019-12-19',0,'','2019-09-20',1,1,'X',1),(1841,11,'rigtig','',NULL,'','2019-12-19',0,'','2019-09-20',1,1,'X',1),(1851,11,'rommelig','',NULL,'','2019-12-19',0,'','2019-09-20',1,1,'X',1),(1861,11,'sang','',NULL,'','2019-10-28',5,'','2019-10-23',1,1,'X',1),(1871,11,'se','',NULL,'','2019-10-13',0,'','2019-10-13',1,1,'X',1),(1891,11,'sige','',NULL,'','2019-12-19',0,'','2019-09-20',1,1,'X',1),(1901,11,'siger','',NULL,'','2019-12-19',0,'','2019-09-20',1,1,'X',1),(1911,11,'skal','',NULL,'','2019-09-12',0,'',NULL,1,0,'X',1),(1921,11,'skrøbelig','',NULL,'','2019-12-19',0,'','2019-09-20',1,1,'X',1),(1931,11,'slog','',NULL,'','2019-12-19',0,'','2019-09-20',1,1,'X',1),(1941,11,'stav','',NULL,'','2019-12-19',0,'','2019-09-20',1,1,'X',1),(1961,11,'stjerne','',NULL,'','2019-12-19',0,'','2019-09-20',1,1,'X',1),(1971,11,'stue','',NULL,'','2019-12-24',90,'','2019-09-25',1,1,'X',1),(1981,11,'som','',NULL,'','2019-12-16',15,'','2019-11-16',1,2,'X',1),(1991,11,'swagt','',NULL,'','2020-01-04',45,'','2019-10-06',1,2,'X',1),(2001,11,'tingen','',NULL,'','2019-12-19',0,'','2019-09-20',1,1,'X',1),(2011,11,'to','',NULL,'','2020-01-04',45,'','2019-10-06',1,2,'X',1),(2021,11,'toneløst','',NULL,'','2019-12-19',0,'','2019-09-20',1,1,'X',1),(2031,11,'tror','',NULL,'','2019-12-23',0,'','2019-09-24',1,1,'X',1),(2041,11,'unge','',NULL,'','2019-12-23',0,'','2019-09-24',1,1,'X',1),(2051,11,'vej','',NULL,'','2019-12-23',0,'','2019-09-24',1,1,'X',1),(2061,11,'vest','',NULL,'','2019-12-19',0,'','2019-09-20',1,1,'X',1),(2071,11,'vilde','',NULL,'','2019-12-05',60,'','2019-10-06',1,1,'X',1),(2081,11,'vår','',NULL,'','2019-10-13',0,'','2019-10-13',1,1,'X',1),(2091,11,'væg','',NULL,'','2020-01-05',50,'','2019-11-16',1,1,'X',1),(2101,11,'øjeblick','',NULL,'','2019-12-19',0,'','2019-09-20',1,1,'X',1),(2111,4,'шаг','shag',NULL,'','2019-12-19',0,'','2019-09-20',1,1,'X',1),(2121,4,'узнал','Uznal',NULL,'','2020-04-01',50,'','2019-11-03',1,3,'X',1),(2151,4,'через','chErez',NULL,'','2019-12-19',0,'','2019-09-20',1,1,'X',1),(2161,4,'расскажу','',NULL,'','2020-02-04',26.6667,'','2019-11-16',1,3,'X',1),(2171,4,'же','',NULL,'','2019-09-20',0,'','2019-09-20',1,1,'X',1),(2181,4,'пор','',NULL,'','2019-09-20',0,'','2019-09-20',1,1,'X',1),(2191,4,'царь','',NULL,'','2019-12-19',0,'','2019-09-20',1,1,'X',1),(2201,4,'берег','',NULL,'','2019-09-20',0,'','2019-09-20',1,1,'X',1),(2211,4,'дочь','',NULL,'','2019-12-05',20.5,'','2019-10-06',1,3,'X',1),(2221,4,'мальчик','',NULL,'','2019-12-19',0,'','2019-09-20',1,1,'X',1),(2231,4,'ребёнка','',NULL,'','2019-12-19',0,'','2019-09-20',1,1,'X',1),(2241,4,'них','',NULL,'','2020-02-14',30,'','2019-11-16',1,3,'X',1),(2251,4,'моря','',NULL,'','2020-02-06',27.1667,'','2019-11-16',1,3,'X',1),(2261,4,'небо','',NULL,'','2019-09-20',0,'','2019-09-20',1,1,'X',1),(2271,4,'сила','',NULL,'','2019-09-28',1.5,'','2019-09-25',1,2,'X',1),(2281,4,'собой','',NULL,'','2019-09-26',0.5,'','2019-09-25',1,2,'X',1),(2291,4,'иногда','',NULL,'','2019-09-28',1.5,'','2019-09-25',1,2,'X',1),(2301,4,'жижзнь','',NULL,'','2019-12-19',0,'','2019-09-20',1,1,'X',1),(2311,4,'горы','',NULL,'','2020-04-01',50,'','2019-11-03',1,3,'X',1),(2321,4,'змля','',NULL,'','2019-12-07',45,'','2019-10-23',1,1,'X',1),(2331,4,'тогда','',NULL,'','2020-01-14',50,'','2019-10-06',1,2,'X',1),(2341,4,'обладал','',NULL,'','2019-09-22',0,'','2019-09-20',1,1,'X',1),(2351,4,'вначале','',NULL,'','2020-02-04',22.0833,'','2019-11-16',1,4,'X',1),(2361,4,'только','',NULL,'','2019-12-16',10,'','2019-11-16',1,3,'X',1),(2371,4,'сначала','',NULL,'','2020-02-01',23.75,'','2019-11-03',1,4,'X',1),(2381,4,'властвовал','',NULL,'','2019-09-20',0,'','2019-09-20',1,1,'X',1),(2391,4,'стихиями','',NULL,'','2020-02-14',30,'','2019-11-16',1,3,'X',1),(2401,4,'возглавлять','',NULL,'','2019-09-20',0,'','2019-09-20',1,1,'X',1),(2411,4,'всемогущий','',NULL,'','2019-11-06',0,'','2019-09-22',1,2,'X',1),(2421,4,'появилась','',NULL,'','2019-09-20',0,'','2019-09-20',1,1,'X',1),(2431,4,'озарился','',NULL,'','2019-09-20',0,'','2019-09-20',1,1,'X',1),(2441,4,'началась','',NULL,'','2020-02-14',45,'','2019-11-16',1,2,'X',1),(2451,4,'ревновала','',NULL,'','2019-09-20',0,'','2019-09-20',1,1,'X',1),(2461,5,'beeilen','',NULL,'','2020-02-01',90,'','2019-11-03',2,1,'X',1),(2471,5,'Verschwörung','',NULL,'','2020-01-22',80,'','2019-11-03',3,1,'X',1),(2481,5,'foo','','2019-09-22','','2020-02-01',90,'','2019-11-03',3,1,'X',1),(2491,11,'falder','','2019-09-24','','2019-09-24',0,'',NULL,0,0,'X',1),(2511,11,'teppet','','2019-09-24','','2020-02-27',120,'','2019-10-30',3,1,'X',1),(2521,11,'råder','','2019-09-24','','2019-09-24',0,'',NULL,2,0,'X',1),(2531,11,'Verbreitung','','2019-09-24','','2019-09-24',0,'',NULL,4,0,'X',1),(2541,11,'endelig','','2019-09-24','','2020-01-04',90,'','2019-10-06',5,1,'X',1),(2551,11,'kong','','2019-09-24','','2021-01-18',470,'','2019-10-06',3,1,'X',1),(2561,11,'kongsmoder','','2019-09-24','','2020-01-04',90,'','2019-10-06',3,1,'X',1),(2571,11,'breve','','2019-09-24','','2019-10-13',0,'','2019-10-13',3,1,'X',1),(2581,11,'dronning','','2019-09-24','','2020-01-22',80,'','2019-11-03',3,1,'X',1),(2591,11,'sysselmand','','2019-09-24','','2019-09-24',0,'',NULL,3,0,'X',1),(2601,11,'dræber','','2019-09-24','','2019-10-13',0,'','2019-10-13',2,1,'X',1),(2611,11,'gjort','','2019-09-24','','2019-09-24',0,'',NULL,5,0,'X',1),(2621,11,'bort','','2019-09-24','','2019-09-24',0,'',NULL,5,0,'X',1),(2631,11,'gøre','','2019-09-24','','2019-10-13',0,'','2019-10-13',2,1,'X',1),(2641,11,'kære','','2019-09-24','','2020-01-04',90,'','2019-10-06',4,1,'X',1),(2651,11,'efter','','2019-09-24','','2020-01-04',90,'','2019-10-06',4,1,'X',1),(2661,11,'tanefuld','','2019-09-24','','2022-05-04',460,'','2019-11-16',4,2,'X',1),(2671,11,'tårefyldte','','2019-09-24','','2020-01-04',90,'','2019-10-06',4,1,'X',1),(2681,11,'sømmelig','','2019-09-24','','2019-09-24',0,'',NULL,4,0,'X',1),(2691,11,'eder','','2019-09-24','','2019-10-13',0,'','2019-10-13',6,4,'X',1),(2701,11,'måtte','','2019-09-24','','2019-10-13',0,'','2019-10-13',2,1,'X',1),(2711,11,'kun','','2019-09-24','','2019-10-13',0,'','2019-10-13',5,1,'X',1),(2721,11,'lyd','','2019-09-24','','2019-10-13',0,'','2019-10-13',3,1,'X',1),(2731,11,'segl','','2019-09-24','','2020-02-01',49,'','2019-11-03',3,2,'X',1),(2751,11,'talte','','2019-09-24','','2019-09-24',0,'',NULL,2,0,'X',1),(2761,11,'tænk','','2019-09-24','','2019-12-25',80,'','2019-10-06',2,1,'X',1),(2771,11,'urolig','','2019-09-24','','2020-01-21',90,'','2019-10-23',4,1,'X',1),(2781,11,'hvem','','2019-09-24','','2019-09-24',0,'',NULL,6,0,'X',1),(2791,11,'om','','2019-09-24','','2020-01-04',90,'','2019-10-06',6,1,'X',1),(2801,11,'ulv','','2019-09-24','','2020-02-01',47.5,'','2019-11-03',3,2,'X',1),(2811,11,'hvor','','2019-09-24','','2019-10-13',0,'','2019-10-13',5,1,'X',1),(2821,11,'bede','','2019-09-24','','2019-10-13',0,'','2019-10-13',2,1,'X',1),(2831,11,'damp','','2019-09-24','','2021-08-06',670,'','2019-10-06',3,1,'X',1),(2841,11,'båden','','2019-09-24','','2019-10-13',0,'','2019-10-13',3,1,'X',1),(2851,11,'evighed','','2019-09-24','','2020-01-04',90,'','2019-10-06',3,1,'X',1),(2871,11,'opvokset','','2019-09-24','','2019-10-13',0,'','2019-10-13',2,1,'X',1),(2881,11,'skulde','','2019-09-24','','2020-01-04',90,'','2019-10-06',2,1,'X',1),(2891,11,'flytte','','2019-09-24','','2019-09-24',0,'',NULL,2,0,'X',1),(2911,11,'tidtnok','','2019-09-24','','2019-09-24',0,'',NULL,4,0,'X',1),(2921,11,'år','','2019-09-24','','2019-12-30',78,'','2019-10-13',3,1,'X',1),(2931,11,'enslig','','2019-09-24','','2019-11-05',30,'','2019-10-06',4,1,'X',1),(2941,11,'enkemand','','2019-09-24','','2020-01-04',90,'','2019-10-06',3,1,'X',1),(2951,11,'hvorfor','','2019-09-24','','2019-09-24',0,'',NULL,3,0,'X',1),(2961,11,'nu','','2019-09-24','','2020-02-18',49.25,'','2019-11-16',5,2,'X',1),(2971,11,'nyt','','2019-09-24','','2019-10-13',0,'','2019-10-13',5,1,'X',1),(2981,11,'godt','','2019-09-24','','2019-12-17',72,'','2019-10-06',5,1,'X',1),(2991,11,'sjo','','2019-09-24','','2020-01-21',45,'','2019-10-23',3,2,'X',1),(3001,11,'matroser','','2019-09-24','','2020-01-04',90,'','2019-10-06',3,1,'X',1),(3021,11,'svært','','2019-09-24','','2019-10-13',0,'','2019-10-13',4,1,'X',1),(3031,11,'skibet','','2019-09-24','','2020-01-04',90,'','2019-10-06',3,1,'X',1),(3041,11,'vejr','','2019-09-24','','2020-01-04',90,'','2019-10-06',3,1,'X',1),(3051,11,'reg','','2019-09-24','','2019-09-24',0,'',NULL,3,0,'X',1),(3061,11,'uvejr','','2019-09-24','','2020-01-04',90,'','2019-10-06',3,1,'X',1),(3071,11,'fortrædeligt','','2019-09-24','','2019-10-13',0,'','2019-10-13',4,1,'X',1),(3081,11,'velsignet','','2019-09-24','','2019-09-24',0,'',NULL,4,0,'X',1),(3091,11,'følger','','2019-09-24','','2020-01-04',90,'','2019-10-06',2,1,'X',1),(3101,11,'byfolk','','2019-09-24','','2020-01-04',90,'','2019-10-06',3,1,'X',1),(3111,11,'sten','','2019-09-24','','2020-01-21',90,'','2019-10-23',3,1,'X',1),(3121,11,'senere','','2019-09-24','','2019-10-13',0,'','2019-10-13',5,1,'X',1),(3131,11,'færdig','','2019-09-24','','2019-12-18',56,'','2019-10-23',5,1,'X',1),(3141,11,'sjæl','','2019-09-24','','2020-02-03',120,'','2019-10-06',3,1,'X',1),(3151,11,'godnat','','2019-09-24','','2020-01-04',90,'','2019-10-06',3,1,'X',1),(3161,11,'evigt','','2019-09-24','','2020-01-04',90,'','2019-10-06',4,1,'X',1),(3171,11,'sejr','','2019-09-24','','2019-09-24',0,'',NULL,3,0,'X',1),(3181,11,'selv','','2019-10-09','','2019-10-09',0,'',NULL,0,0,'X',1),(3191,11,'bedste','','2019-10-09','','2020-01-22',40,'','2019-11-03',5,2,'X',1),(3201,11,'sidste','','2019-10-09','','2019-10-13',0,'','2019-10-13',4,1,'X',1),(3221,11,'slår','','2019-10-09','','2019-10-09',0,'',NULL,3,0,'X',1),(3241,11,'fred','','2019-10-09','','2019-10-09',0,'',NULL,3,0,'X',1),(3251,11,'venskab','','2019-10-09','','2019-10-09',0,'',NULL,3,0,'X',1),(3261,11,'øllet','','2019-10-09','','2019-10-09',0,'',NULL,3,0,'X',1),(3271,11,'sidder','','2019-10-09','','2020-02-01',30.6667,'','2019-11-03',2,3,'X',1),(3281,11,'forligte','','2019-10-09','','2019-10-09',0,'',NULL,2,0,'X',1),(3291,11,'lad','','2019-10-09','','2019-10-13',0,'','2019-10-13',2,1,'X',1),(3301,11,'pligter','','2019-10-09','','2020-01-30',30,'','2019-11-01',3,3,'X',1),(3311,11,'også','','2019-10-09','','2020-01-21',45,'','2019-10-23',1,2,'X',1),(3321,11,'svoret','','2019-10-09','','2020-02-01',45,'','2019-11-03',2,3,'X',1),(3341,11,'gange','','2019-10-09','','2019-10-13',0,'','2019-10-13',1,1,'X',1),(3351,11,'beredt','','2019-10-09','','2019-10-09',0,'',NULL,1,0,'X',1),(3361,11,'sejl','','2019-10-09','','2019-10-13',0,'','2019-10-13',3,1,'X',1),(3371,11,'står','','2019-10-09','','2020-03-30',150,'','2019-11-01',2,1,'X',1),(3381,11,'nogle','','2019-10-09','','2019-10-09',0,'',NULL,4,0,'X',1),(3401,11,'anden','','2019-10-13','','2020-01-21',45,'','2019-10-23',3,2,'X',1),(3411,11,'sæder','','2019-10-13','','2019-10-13',0,'','2019-10-13',3,1,'X',1),(3421,11,'forhøjning','','2019-10-13','','2019-10-13',0,'','2019-10-13',3,1,'X',1),(3441,11,'bægre','','2019-10-13','','2019-10-13',0,'','2019-10-13',3,1,'X',1),(3451,11,'optrin','','2019-10-13','','2019-10-13',0,'',NULL,3,0,'X',1),(3461,11,'spurgt','','2019-10-13','','2019-10-23',0,'','2019-10-23',2,1,'X',1),(3471,11,'bryllup','','2019-10-13','','2019-10-13',0,'',NULL,3,0,'X',1),(3481,11,'mægtig','','2019-10-13','','2019-12-29',33.5,'','2019-10-23',4,2,'X',1),(3491,11,'stærke','','2019-10-13','','2020-01-21',45,'','2019-10-23',4,2,'X',1),(3501,11,'snakker','','2019-10-13','','2019-10-13',0,'','2019-10-13',3,1,'X',1),(3511,11,'være','','2019-10-13','','2019-10-13',0,'',NULL,2,0,'X',1),(3521,11,'svigtede','','2019-10-13','','2019-10-13',0,'','2019-10-13',2,1,'X',1),(3531,11,'vitterligt','','2019-10-13','','2019-10-13',0,'',NULL,5,0,'X',1),(3541,11,'dog','','2019-10-13','','2019-10-28',2.5,'','2019-10-23',5,2,'X',1),(3551,11,'havde','','2019-10-13','','2020-03-30',150,'','2019-11-01',2,1,'X',1),(3571,11,'nevø','','2019-10-13','','2019-10-13',0,'',NULL,3,0,'X',1),(3581,11,'uforandret','','2019-10-13','','2020-02-01',45,'','2019-11-03',4,2,'X',1),(3591,11,'sikre','','2019-10-13','','2019-10-13',0,'','2019-10-13',2,1,'X',1),(3601,11,'klogt','','2019-10-13','','2020-01-21',90,'','2019-10-23',4,1,'X',1),(3611,11,'frisk','','2019-10-13','','2020-01-21',90,'','2019-10-23',4,1,'X',1),(3621,11,'livet','','2019-10-13','','2019-10-13',0,'','2019-10-13',3,1,'X',1),(3631,11,'vidste','','2019-10-13','','2020-01-30',45,'','2019-11-01',2,2,'X',1),(3641,11,'arv','','2019-10-13','','2019-10-13',0,'','2019-10-13',3,2,'X',1),(3651,11,'brygge','','2019-10-13','','2019-10-13',0,'','2019-10-13',2,1,'X',1),(3661,11,'sværdet','','2019-10-13','','2020-01-21',90,'','2019-10-23',3,1,'X',1),(3671,11,'rådgiver','','2019-10-13','','2019-12-29',67,'','2019-10-23',3,1,'X',1),(3681,11,'pludselig','','2019-10-13','','2020-01-21',90,'','2019-10-23',5,1,'X',1),(3691,11,'vågner','','2019-10-13','','2020-02-14',57.5,'','2019-11-16',2,2,'X',1),(3701,11,'fulgte','','2019-10-13','','2020-01-21',45,'','2019-10-23',2,2,'X',1),(3711,11,'fader','','2019-10-13','','2020-01-21',45,'','2019-10-23',3,2,'X',1),(3721,11,'undtagen','','2019-10-13','','2019-10-13',0,'',NULL,5,0,'X',1),(3731,11,'drømme','','2019-10-13','','2020-02-14',30.8333,'','2019-11-16',3,3,'X',1),(3741,11,'fuld','','2019-10-13','','2020-01-20',89,'','2019-10-23',3,1,'X',1),(3751,11,'smerte','','2019-10-13','','2019-12-13',20,'','2019-11-03',3,2,'X',1),(3761,11,'afgrunden','','2019-10-13','','2020-01-21',45,'','2019-10-23',3,2,'X',1),(3771,11,'skuld','','2019-10-13','','2020-01-21',90,'','2019-10-23',2,1,'X',1),(3781,11,'trods','','2019-10-13','','2019-12-29',67,'','2019-10-23',5,1,'X',1),(3791,11,'virkelig','','2019-10-13','','2020-01-21',45,'','2019-10-23',5,2,'X',1),(3801,11,'straffe','','2019-10-13','','2020-01-22',42.5,'','2019-11-03',2,2,'X',1),(3811,11,'hus','','2019-10-13','','2020-01-21',45,'','2019-10-23',3,2,'X',1),(3821,11,'gått','','2019-10-13','','2019-10-13',0,'','2019-10-13',2,1,'X',1),(3831,11,'siden','','2019-10-13','','2019-10-26',3,'','2019-10-23',5,1,'X',1),(3841,4,'узник','','2019-10-13','','2020-02-01',90,'','2019-11-03',0,1,'X',1),(3851,4,'остался','ostalsya','2019-10-13','','2019-10-13',0,'',NULL,0,0,'X',1),(3861,4,'гордились','','2019-10-13','','2019-10-13',0,'',NULL,0,0,'X',1),(3871,4,'хранили','','2019-10-13','','2019-10-13',0,'',NULL,0,0,'X',1),(3881,4,'шесть','','2019-10-13','','2019-10-13',0,'',NULL,0,0,'X',1),(3891,4,'отцом','','2019-10-13','','2019-10-13',0,'',NULL,0,0,'X',1),(3901,4,'однахды','','2019-10-13','','2019-10-13',0,'',NULL,0,0,'X',1),(3911,4,'детей','','2019-10-13','','2019-10-13',0,'',NULL,0,0,'X',1),(3921,4,'трон','','2019-10-13','','2019-10-13',0,'',NULL,0,0,'X',1),(3931,4,'запер','','2019-10-13','','2019-10-13',0,'',NULL,0,0,'X',1),(3941,4,'земли','','2019-10-13','','2020-02-14',45,'новая земли','2019-11-16',0,2,'X',1),(3951,4,'недрох','','2019-10-13','','2019-10-13',0,'',NULL,0,0,'X',1),(3961,4,'власть','','2019-10-13','','2019-10-13',0,'',NULL,0,0,'X',1),(3971,4,'проклял','','2019-10-13','','2019-10-13',0,'',NULL,0,0,'X',1),(3981,4,'предсказав','','2019-10-13','','2019-10-13',0,'',NULL,0,0,'X',1),(3991,4,'полубога','','2019-10-13','','2022-04-21',900,'','2019-11-03',0,1,'X',1),(4001,4,'нашла','','2019-10-13','','2019-10-13',0,'',NULL,0,0,'X',1),(4011,4,'послал','','2019-10-13','','2019-10-13',0,'',NULL,0,0,'X',1),(4021,4,'ветер','','2019-10-13','','2019-10-13',0,'',NULL,0,0,'X',1),(4041,4,'горои','','2019-10-13','','2019-10-13',0,'',NULL,0,0,'X',1),(4051,31,'från','','2019-10-23','','2020-01-24',90,'','2019-10-26',6,1,'X',1),(4071,31,'och','','2019-10-23','','2020-03-28',120,'','2019-10-30',1,2,'X',1),(4081,31,'fangen','','2019-10-23','','2020-01-28',90,'','2019-10-30',3,1,'X',1),(4091,5,'irren','','2019-10-23','','2019-10-23',0,'',NULL,2,0,'X',1),(4111,5,'zögern','','2019-10-23','','2020-01-02',60,'','2019-11-03',2,1,'X',1),(4121,5,'verfallen','','2019-10-23','','2019-10-23',0,'',NULL,2,0,'X',1),(4131,5,'verrammeln','','2019-10-23','','2020-02-01',90,'','2019-11-03',2,1,'X',1),(4141,5,'stöbern','','2019-10-23','','2019-10-23',0,'',NULL,2,0,'X',1),(4151,5,'austrinken','','2019-10-23','','2020-02-01',90,'','2019-11-03',2,1,'X',1),(4161,5,'anbohren','','2019-10-23','','2020-02-01',90,'','2019-11-03',2,1,'X',1),(4171,5,'Versehen','','2019-10-23','','2019-10-23',0,'',NULL,2,0,'X',1),(4181,5,'verzichten','','2019-10-23','','2019-10-23',0,'',NULL,2,0,'X',1),(4191,5,'versorgen','','2019-10-23','','2020-02-01',90,'','2019-11-03',2,1,'X',1),(4201,5,'verschwimmen','','2019-10-23','','2019-10-23',0,'',NULL,2,0,'X',1),(4211,5,'würfeln','','2019-10-23','','2020-01-22',80,'','2019-11-03',2,1,'X',1),(4231,5,'verzogen','','2019-10-23','','2019-10-23',0,'',NULL,2,0,'X',1),(4241,5,'schnitzen','','2019-10-23','','2019-10-23',0,'',NULL,2,0,'X',1),(4251,5,'vorkommen','','2019-10-23','','2019-10-23',0,'',NULL,2,0,'X',1),(4261,5,'riechen','','2019-10-23','','2019-10-23',0,'',NULL,2,0,'X',1),(4271,5,'befördern','','2019-10-23','','2019-10-23',0,'',NULL,2,0,'X',1),(4281,5,'reiten','','2019-10-23','','2019-10-23',0,'',NULL,2,0,'X',1),(4291,5,'ernährten','','2019-10-23','','2019-10-23',0,'',NULL,2,0,'X',1),(4301,5,'Schornstein','','2019-10-23','','2020-02-01',90,'','2019-11-03',3,1,'X',1),(4311,5,'Raubtier','','2019-10-23','','2020-02-01',90,'','2019-11-03',3,1,'X',1),(4321,5,'Bargeld','','2019-10-23','','2019-12-23',50,'','2019-11-03',3,1,'X',1),(4331,5,'Tüte','','2019-10-23','','2020-02-01',90,'','2019-11-03',3,1,'X',1),(4341,5,'Strohhalm','','2019-10-23','','2019-12-23',50,'','2019-11-03',3,1,'X',1),(4351,5,'Vorschriften','','2019-10-23','','2019-10-23',0,'',NULL,3,0,'X',1),(4361,5,'Luftzug','','2019-10-23','','2020-02-01',90,'','2019-11-03',3,1,'X',1),(4371,5,'Geruch','','2019-10-23','','2020-02-01',90,'','2019-11-03',3,1,'X',1),(4381,5,'Moder','','2019-10-23','','2019-10-23',0,'',NULL,3,0,'X',1),(4391,5,'Ziege','','2019-10-23','','2020-02-01',90,'','2019-11-03',3,1,'X',1),(4401,5,' Stall','','2019-10-23','','2020-01-22',80,'','2019-11-03',3,1,'X',1),(4411,5,'','','2019-10-23','','2019-10-23',0,'',NULL,3,0,'X',1),(4421,5,'Gestalt','','2019-10-23','','2020-02-01',90,'','2019-11-03',3,1,'X',1),(4431,5,'Pfau','','2019-10-23','','2019-10-23',0,'',NULL,3,0,'X',1),(4441,5,'Enkelkind','','2019-10-23','','2020-01-22',80,'','2019-11-03',3,1,'X',1),(4451,5,'Hellseher','','2019-10-23','','2020-02-01',90,'','2019-11-03',3,1,'X',1),(4461,5,'Verdächtigung','','2019-10-23','','2019-10-23',0,'',NULL,3,0,'X',1),(4471,5,'Schmetterling','','2019-10-23','','2020-02-01',90,'','2019-11-03',3,1,'X',1),(4481,5,'Sehnsucht','','2019-10-23','','2020-05-11',190,'','2019-11-03',3,1,'X',1),(4491,5,'fassungslos','','2019-10-23','','2019-10-23',0,'',NULL,4,0,'X',1),(4521,5,'Wesen','','2019-10-23','','2019-10-23',0,'',NULL,3,0,'X',1),(4531,5,'Fahrstuhl','','2019-10-23','','2019-10-23',0,'',NULL,3,0,'X',1),(4541,5,'Angelegenheit','','2019-10-23','','2019-10-23',0,'',NULL,3,0,'X',1),(4551,5,'Nichte','','2019-10-23','','2019-10-23',0,'',NULL,3,0,'X',1),(4561,5,'Winkel','','2019-10-23','','2019-10-23',0,'',NULL,3,0,'X',1),(4571,5,'einerlei','','2019-10-23','','2019-10-23',0,'',NULL,1,0,'X',1),(4581,5,'Versuch','','2019-10-23','','2020-02-01',90,'','2019-11-03',3,1,'X',1),(4591,5,'Schacht','','2019-10-23','','2020-02-01',90,'','2019-11-03',3,1,'X',1),(4601,5,'Fäulnis','','2019-10-23','','2019-10-23',0,'',NULL,3,0,'X',1),(4611,5,'Kastanienbaum','','2019-10-23','','2019-10-23',0,'',NULL,3,0,'X',1),(4621,5,'Schramme','','2019-10-23','','2019-10-23',0,'',NULL,3,0,'X',1),(4631,5,'Stirn','','2019-10-23','','2020-02-01',90,'','2019-11-03',3,1,'X',1),(4641,31,'uggle','','2019-10-26','','2020-01-28',90,'','2019-10-30',3,1,'X',1),(4671,31,'året','','2019-10-26','','2020-01-30',90,'','2019-11-01',3,1,'X',1),(4681,31,'trollkarl','','2019-10-26','','2020-01-28',90,'','2019-10-30',3,1,'X',1),(4711,31,'hemlighet','','2019-10-26','','2020-01-28',90,'','2019-10-30',4,1,'X',1),(4721,31,'på','','2019-10-26','','2020-01-28',90,'','2019-10-30',6,1,'X',1),(4731,31,'många','','2019-10-26','','2020-01-28',90,'','2019-10-30',4,1,'X',1),(4741,31,'första','','2019-10-26','','2020-02-04',47.5,'','2019-11-06',5,2,'X',1),(4751,31,'sina','','2019-10-26','','2020-01-28',90,'','2019-10-30',1,1,'X',1),(4761,31,'läxor','','2019-10-26','','2020-01-30',90,'','2019-11-01',3,1,'X',1),(4771,31,'tvungen','','2019-10-26','','2020-01-30',90,'','2019-11-01',2,1,'X',1),(4781,31,'att','','2019-10-26','','2020-02-04',90,'','2019-11-06',1,2,'X',1),(4791,31,'mördar','','2019-10-26','','2020-01-30',90,'','2019-11-01',3,1,'X',1),(4811,31,'nedelar','','2019-10-26','','2020-01-30',90,'','2019-11-01',3,1,'X',1),(4821,31,'tid','','2019-10-26','','2020-04-06',75,'','2019-11-08',3,2,'X',1),(4851,31,'natt','','2019-11-05','','2019-11-08',0,'','2019-11-08',3,2,'X',1),(4861,31,'kitteln','','2019-11-05','','2020-02-04',90,'','2019-11-06',3,1,'X',1),(4871,31,'te','','2019-11-05','','2019-11-08',0,'','2019-11-08',3,1,'X',1),(4881,31,'blad','','2019-11-05','','2020-02-04',90,'','2019-11-06',3,1,'X',1),(4891,31,'flykt','','2019-11-05','','2020-02-04',90,'','2019-11-06',3,1,'X',1),(4901,31,'karta','','2019-11-05','','2020-02-04',90,'','2019-11-06',3,1,'X',1),(4911,31,'katt','','2019-11-05','','2020-02-04',90,'','2019-11-06',3,1,'X',1),(4921,31,'råt','','2019-11-05','','2020-02-04',90,'','2019-11-06',3,1,'X',1),(4931,31,'genom','','2019-11-05','','2020-02-04',90,'','2019-11-06',5,1,'X',1),(4941,31,'tjocka','','2019-11-05','','2020-02-04',90,'','2019-11-06',4,1,'X',1),(4951,31,'ville','','2019-11-05','','2020-02-04',90,'','2019-11-06',2,1,'X',1),(4961,31,'gärna','','2019-11-05','','2020-02-04',90,'','2019-11-06',5,1,'X',1),(4971,31,'mitten','','2019-11-05','','2020-02-04',90,'','2019-11-06',5,1,'X',1),(5001,31,'midnatt','','2019-11-05','','2020-02-04',90,'','2019-11-06',3,1,'X',1),(5011,31,'hjälp','','2019-11-05','','2020-02-04',90,'','2019-11-06',3,1,'X',1),(5051,31,'häxa','','2019-11-05','','2020-02-04',90,'','2019-11-06',3,1,'X',1),(5061,31,'ingen','','2019-11-05','','2020-02-04',90,'','2019-11-06',1,1,'X',1),(5071,31,'läsa','','2019-11-05','','2020-02-04',90,'','2019-11-06',2,1,'X',1),(5081,31,'icke','','2019-11-05','','2020-02-04',90,'','2019-11-06',1,1,'X',1),(5091,31,'magen','','2019-11-05','','2020-04-06',150,'','2019-11-08',3,1,'X',1),(5101,31,'ficklampa','','2019-11-05','','2020-02-04',90,'','2019-11-06',3,1,'X',1),(5111,31,'läder','','2019-11-05','','2020-02-04',90,'','2019-11-06',3,1,'X',1),(5121,31,'fjäder','','2019-11-05','','2020-02-04',90,'','2019-11-06',3,1,'X',1),(5131,31,'skriva','','2019-11-05','','2020-02-04',90,'','2019-11-06',3,1,'X',1),(5141,31,'näsan','','2019-11-05','','2020-02-04',90,'','2019-11-06',3,1,'X',1),(5151,31,'nästan','','2019-11-05','','2020-02-04',90,'','2019-11-06',3,1,'X',1),(5161,31,'trappan','','2019-11-05','','2020-02-04',90,'','2019-11-06',3,1,'X',1),(5171,31,'fyra','','2019-11-05','','2020-02-04',90,'','2019-11-06',1,1,'X',1),(5181,31,'orsak','','2019-11-05','','2020-02-04',90,'','2019-11-06',3,1,'X',1),(5191,31,'varit','','2019-11-05','','2020-02-04',90,'','2019-11-06',2,1,'X',1),(5201,31,'här','','2019-11-05','','2020-02-04',90,'','2019-11-06',5,1,'X',1),(5211,31,'familj','','2019-11-05','','2020-02-04',90,'','2019-11-06',3,1,'X',1),(5221,31,'rummet','','2019-11-05','','2020-02-04',90,'','2019-11-06',3,1,'X',1),(5231,31,'befinna','','2019-11-05','','2020-02-04',90,'','2019-11-06',2,1,'X',1),(5241,31,'vem','','2019-11-05','','2019-11-08',0,'','2019-11-08',1,2,'X',1),(5251,31,'tillback','','2019-11-05','','2020-02-04',90,'','2019-11-06',2,1,'X',1),(5261,31,'av','','2019-11-05','','2020-04-06',75,'','2019-11-08',1,2,'X',1),(5271,31,'vänner','','2019-11-05','','2020-04-06',75,'','2019-11-08',3,2,'X',1),(5281,31,'förutsägelse','','2019-11-05','','2020-02-13',99,'','2019-11-06',3,1,'X',1),(5291,31,'medeltiden','','2019-11-05','','2020-02-04',90,'','2019-11-06',3,1,'X',1),(5301,31,'försiktig','','2019-11-05','','2020-02-04',90,'','2019-11-06',4,1,'X',1),(5311,31,'vecka','','2019-11-05','','2020-02-04',90,'','2019-11-06',3,1,'X',1),(5321,31,'därför','','2019-11-05','','2020-02-04',90,'','2019-11-06',5,1,'X',1),(5331,31,'möjligt','','2019-11-05','','2020-02-04',90,'','2019-11-06',5,1,'X',1),(5341,31,'sekund','','2019-11-07','','2020-04-06',150,'','2019-11-08',3,1,'X',1),(5351,31,'pilarna','','2019-11-07','','2019-11-08',0,'','2019-11-08',3,1,'X',1),(5371,31,'där','','2019-11-07','','2020-04-06',150,'','2019-11-08',1,1,'X',1),(5381,31,'ihåg','','2019-11-07','','2019-11-07',0,'',NULL,1,0,'X',1),(5401,31,'gången','','2019-11-07','','2019-11-08',0,'','2019-11-08',3,1,'X',1),(5411,31,'frukosten','','2019-11-07','','2019-11-08',0,'','2019-11-08',3,1,'X',1),(5421,31,'väckta','','2019-11-07','','2020-04-06',150,'','2019-11-08',2,1,'X',1),(5441,31,'tredje','','2019-11-07','','2020-04-06',150,'','2019-11-08',1,1,'X',1),(5451,31,'vrålade','','2019-11-07','','2019-11-08',0,'','2019-11-08',2,1,'X',1),(5461,31,'måsta','','2019-11-07','','2020-04-06',150,'','2019-11-08',2,1,'X',1),(5471,31,'försvinna','','2019-11-07','','2020-04-06',150,'','2019-11-08',2,1,'X',1),(5481,31,'försökte','','2019-11-07','','2020-02-06',90,'','2019-11-08',2,1,'X',1),(5491,31,'förklara','','2019-11-07','','2020-04-06',150,'','2019-11-08',2,1,'X',1),(5501,31,'omkring','','2019-11-07','','2020-02-06',90,'','2019-11-08',5,1,'X',1),(5511,31,'himlen','','2019-11-07','','2020-04-06',150,'','2019-11-08',3,1,'X',1),(5531,31,'mörka','','2019-11-07','','2020-04-06',150,'','2019-11-08',4,1,'X',1),(5541,31,'blickar','','2019-11-07','','2020-04-06',150,'','2019-11-08',3,1,'X',1),(5561,31,'sin','','2019-11-07','','2019-11-13',0,'','2019-11-13',1,2,'X',1),(5571,31,'skolmaten','','2019-11-07','','2020-04-06',150,'','2019-11-08',3,1,'X',1),(5601,31,'eller','','2019-11-07','','2020-02-04',40,'','2019-11-16',5,2,'X',1),(5611,31,'hur','','2019-11-07','','2019-11-08',0,'','2019-11-08',5,1,'X',1),(5651,31,'häftigt','','2019-11-07','','2020-02-11',45,'','2019-11-13',5,2,'X',1),(5661,31,'fiende','','2019-11-07','','2020-04-06',150,'','2019-11-08',3,1,'X',1),(5671,31,'hastig','','2019-11-07','','2020-04-06',150,'','2019-11-08',4,1,'X',1),(5681,31,'morbror','','2019-11-07','','2020-04-06',150,'','2019-11-08',3,1,'X',1),(5691,31,'varnat','','2019-11-07','','2020-04-06',150,'','2019-11-08',2,1,'X',1),(5701,31,'tänker','','2019-11-07','','2020-04-06',150,'','2019-11-08',2,1,'X',1),(5711,31,'tolerera','','2019-11-07','','2020-04-06',150,'','2019-11-08',2,1,'X',1),(5721,31,'inte','','2019-11-07','','2022-05-04',450,'','2019-11-16',1,2,'X',1),(5741,31,'tak','','2019-11-07','','2019-11-08',0,'','2019-11-08',3,1,'X',1),(5751,31,'tack','','2019-11-07','','2020-04-06',150,'','2019-11-08',1,1,'X',1),(5761,31,'onormala','','2019-11-07','','2020-04-06',150,'','2019-11-08',4,1,'X',1),(5771,31,'ansikte','','2019-11-07','','2020-04-06',150,'','2019-11-08',3,1,'X',1),(5781,31,'visst','','2019-11-07','','2019-11-08',0,'','2019-11-08',5,1,'X',1),(5801,31,'satte','','2019-11-07','','2020-04-06',150,'','2019-11-08',2,1,'X',1),(5811,31,'ögon','','2019-11-07','','2020-04-06',150,'','2019-11-08',3,1,'X',1),(5821,31,'vaksamt','','2019-11-07','','2019-11-08',0,'','2019-11-08',4,1,'X',1),(5831,31,'kunna','','2019-11-07','','2020-04-06',150,'','2019-11-08',2,1,'X',1),(5841,31,'öppnats','','2019-11-07','','2020-04-06',150,'','2019-11-08',2,1,'X',1),(5861,31,'pojke','','2019-11-07','','2020-04-06',150,'','2019-11-08',3,1,'X',1),(5871,31,'vaktaren','','2019-11-07','','2020-02-04',40,'','2019-11-16',3,2,'X',1),(5881,31,'världen','','2019-11-07','','2019-11-08',0,'','2019-11-08',3,1,'X',1),(5891,31,'sex','','2019-11-07','','2020-04-06',150,'','2019-11-08',1,1,'X',1),(5901,31,'två','','2019-11-07','','2020-04-06',150,'','2019-11-08',1,1,'X',1),(5911,31,'platser','','2019-11-07','','2019-11-07',0,'',NULL,3,0,'X',1),(5931,31,'hjärtligt','','2019-11-07','','2020-02-11',45,'','2019-11-13',5,2,'X',1),(5941,31,'välkomna','','2019-11-07','','2020-04-06',150,'','2019-11-08',2,1,'X',1),(5951,31,'vara','','2019-11-07','','2019-11-08',0,'','2019-11-08',2,1,'X',1),(5961,31,'hem','','2019-11-07','','2022-05-04',450,'','2019-11-16',3,2,'X',1),(5971,31,'duktig','','2019-11-07','','2019-11-08',0,'','2019-11-08',4,1,'X',1),(5981,31,'smutsiga','','2019-11-07','','2019-11-08',0,'','2019-11-08',4,1,'X',1),(5991,31,'öron','','2019-11-07','','2020-04-06',150,'','2019-11-08',3,1,'X',1),(6001,31,'förstod','','2019-11-07','','2020-04-06',150,'','2019-11-08',2,1,'X',1),(6011,31,'låt','','2019-11-07','','2020-04-06',150,'','2019-11-08',2,1,'X',1),(6021,31,'dryck','','2019-11-07','','2019-11-07',0,'',NULL,3,0,'X',1),(6031,31,'konst','','2019-11-07','','2020-04-06',150,'','2019-11-08',3,1,'X',1),(6041,31,'förbjudna','','2019-11-07','','2019-11-08',0,'','2019-11-08',3,1,'X',1),(6051,31,'spelare','','2019-11-07','','2020-04-06',150,'','2019-11-08',3,1,'X',1),(6061,31,'ögonblick','','2019-11-07','','2020-04-06',150,'','2019-11-08',3,1,'X',1),(6081,31,'förlorade','','2019-11-07','','2020-04-06',150,'','2019-11-08',2,1,'X',1),(6091,31,'behandlat','','2019-11-07','','2020-04-06',150,'','2019-11-08',2,1,'X',1),(6101,31,'blivit','','2019-11-07','','2019-11-22',4.5,'','2019-11-13',2,2,'X',1),(6111,31,'varför','','2019-11-07','','2019-11-07',0,'',NULL,1,0,'X',1),(6121,31,'kraft','','2019-11-07','','2020-04-06',150,'','2019-11-08',3,1,'X',1),(6131,31,'syster','','2019-11-07','','2020-10-23',350,'','2019-11-08',3,1,'X',1),(6141,31,'tolv','','2019-11-07','','2020-04-06',150,'','2019-11-08',1,1,'X',1),(6151,31,'viktig','','2019-11-07','','2020-04-06',150,'','2019-11-08',4,1,'X',1),(6161,31,'bästa','','2019-11-07','','2020-04-06',150,'','2019-11-08',5,1,'X',1),(6171,31,'affär','','2019-11-07','','2020-04-06',150,'','2019-11-08',1,1,'X',1),(6181,31,'bok','','2019-11-07','','2020-04-06',150,'','2019-11-08',3,1,'X',1),(6191,31,'vagnar','','2019-11-07','','2019-11-08',0,'','2019-11-08',3,1,'X',1),(6201,31,'skälla','','2019-11-07','','2019-11-08',0,'','2019-11-08',2,1,'X',1),(6211,31,'skälv','','2019-11-07','','2019-11-08',0,'','2019-11-08',2,1,'X',1),(6221,31,'kväll','','2019-11-07','','2019-11-08',0,'','2019-11-08',3,1,'X',1),(6231,31,'triumf','','2019-11-07','','2020-04-06',150,'','2019-11-08',3,1,'X',1),(6241,31,'möbel','','2019-11-07','','2020-04-06',150,'','2019-11-08',3,1,'X',1),(6251,31,'sade','','2019-11-07','','2020-04-06',150,'','2019-11-08',2,1,'X',1),(6261,31,'långsamt','','2019-11-07','','2020-04-06',150,'','2019-11-08',5,1,'X',1),(6271,31,'middag','','2019-11-07','','2020-04-06',150,'','2019-11-08',3,1,'X',1),(6281,31,'säger','','2019-11-07','','2020-04-06',150,'','2019-11-08',2,1,'X',1),(6291,31,'jackorna','','2019-11-07','','2020-02-06',90,'','2019-11-08',3,1,'X',1),(6301,31,'roligt','','2019-11-07','','2019-11-13',0,'','2019-11-13',3,2,'X',1),(6311,31,'plötsligt','','2019-11-07','','2020-04-06',150,'','2019-11-08',5,1,'X',1),(6331,31,'serna','','2019-11-10','','2019-11-10',0,'',NULL,3,0,'A',1),(6341,31,'misstänker','','2019-11-10','','2019-12-26',40,'','2019-11-16',2,1,'B',1),(6351,31,'förflutna','','2019-11-10','','2019-11-10',0,'',NULL,4,0,'B',1),(6361,31,'yvig','','2019-11-10','','2019-11-10',0,'',NULL,4,0,'A',1),(6371,31,'ut','','2019-11-10','','2019-11-10',0,'',NULL,5,0,'A',1),(6381,31,'släppa','','2019-11-10','','2019-11-13',0,'','2019-11-13',2,1,'A',1),(6391,31,'gräl','','2019-11-10','','2019-11-10',0,'',NULL,3,0,'A',1),(6401,31,'utdragen','','2019-11-10','','2019-11-10',0,'',NULL,4,0,'B',1),(6411,31,'ρεψιά','','2019-11-10','','2019-11-10',0,'',NULL,3,0,'B',1),(6421,31,'paret','','2019-11-10','','2019-11-10',0,'',NULL,3,0,'B',1),(6431,31,'stekpannen','','2019-11-10','','2020-02-11',90,'','2019-11-13',3,1,'B',1),(6451,31,'låta','','2019-11-10','','2019-11-10',0,'',NULL,2,0,'A',1),(6461,31,'dumheter','','2019-11-10','','2020-01-05',25,'','2019-11-16',3,2,'B',1),(6471,31,'sidorna','','2019-11-10','','2019-11-10',0,'',NULL,3,0,'B',1),(6481,31,'stolen','','2019-11-10','','2020-02-14',90,'','2019-11-16',3,1,'B',1),(6491,31,'så','','2019-11-10','','2020-04-21',160,'','2019-11-13',1,1,'A',1),(6511,31,'bred','','2019-11-10','','2019-11-10',0,'',NULL,4,0,'A',1),(6521,31,'stor','','2019-11-10','','2019-11-10',0,'',NULL,4,0,'A',1),(6531,31,'lille','','2019-11-10','','2022-05-04',900,'','2019-11-16',4,1,'A',1),(6541,31,'skrik','','2019-11-10','','2020-02-11',90,'','2019-11-13',3,1,'B',1),(6561,31,'spottet','','2019-11-10','','2019-11-10',0,'',NULL,3,0,'A',1),(6571,31,'men','','2019-11-10','','2019-11-10',0,'',NULL,3,0,'A',1),(6581,31,'små','','2019-11-10','','2019-11-10',0,'',NULL,4,0,'A',1),(6591,31,'sedan','','2019-11-10','','2019-11-10',0,'',NULL,5,0,'A',1),(6601,31,' ända','','2019-11-10','','2019-11-10',0,'',NULL,3,0,'A',1),(6611,31,'olyckliga','','2019-11-10','','2019-11-10',0,'',NULL,4,0,'B',1),(6621,31,'mycket','','2019-11-10','','2019-11-10',0,'',NULL,5,0,'B',1),(6631,31,'slottet','','2019-11-10','','2019-11-10',0,'',NULL,3,0,'B',1),(6651,31,'plats','','2019-11-10','','2020-05-14',180,'','2019-11-16',3,1,'B',1),(6661,31,'ifall','','2019-11-10','','2019-11-10',0,'',NULL,1,0,'B',1),(6671,31,'å','','2019-11-10','','2019-11-10',0,'',NULL,6,0,'A',1),(6691,31,'ärr','','2019-11-10','','2019-11-10',0,'',NULL,3,0,'B',1),(6701,31,'blixt','','2019-11-10','','2020-02-14',90,'','2019-11-16',3,1,'B',1),(6711,31,'tidigare','','2019-11-10','','2019-11-10',0,'',NULL,5,0,'B',1),(6721,31,'efteråt','','2019-11-10','','2019-11-10',0,'',NULL,5,0,'B',1),(6751,31,'dem','','2019-11-10','','2020-02-14',90,'','2019-11-16',1,1,'A',1),(6761,31,'tonlöst','','2019-11-10','','2022-05-04',900,'','2019-11-16',1,1,'C',1),(6781,31,'kvinna','','2019-11-10','','2020-11-05',360,'','2019-11-11',4,1,'B',1),(6791,31,'bak','','2019-11-10','','2020-05-24',190,'','2019-11-16',1,1,'A',1),(6801,31,'solig','','2019-11-10','','2019-12-16',30,'','2019-11-16',4,1,'A',1),(6811,31,'strålande','','2019-11-10','','2022-05-04',900,'','2019-11-16',4,1,'A',1),(6821,31,'födelsdag','','2019-11-10','','2020-02-14',90,'','2019-11-16',3,1,'A',1),(6841,31,'berg','','2019-11-10','','2022-05-04',900,'','2019-11-16',3,1,'A',1),(6851,31,'målade','','2019-11-10','','2019-11-10',0,'',NULL,4,0,'A',1),(6861,31,'trots','','2019-11-10','','2020-05-24',190,'','2019-11-16',1,1,'B',1),(6871,31,'sakna','','2019-11-10','','2019-11-10',0,'',NULL,2,0,'B',1),(6881,31,'ärkefiend','','2019-11-10','','2022-05-04',900,'','2019-11-16',3,1,'C',1),(6891,31,'fast','','2019-11-10','','2019-11-10',0,'',NULL,1,0,'B',1),(6901,31,'befann','','2019-11-10','','2021-03-20',490,'','2019-11-16',2,1,'B',1),(6911,31,'grepp','','2019-11-10','','2022-05-04',900,'','2019-11-16',3,1,'B',1),(6921,31,'tjänare','','2019-11-11','','2019-11-11',0,'',NULL,3,0,'B',1),(6931,31,'sätt','','2019-11-11','','2019-11-11',0,'',NULL,3,0,'B',1),(6941,31,'högst','','2019-11-11','','2020-05-24',190,'','2019-11-16',4,1,'B',1),(6951,31,'ovanlig','','2019-11-11','','2019-11-11',0,'',NULL,5,0,'B',1),(6961,31,'avsky','','2019-11-11','','2019-11-11',0,'',NULL,2,0,'B',1),(6971,31,'än','','2019-11-11','','2019-11-11',0,'',NULL,1,0,'B',1),(6981,31,'någon','','2019-11-11','','2019-11-11',0,'',NULL,1,0,'B',1),(7011,11,'tykk','','2019-11-11','','2019-11-11',0,'',NULL,4,0,'A',1),(7021,11,'tynn','','2019-11-11','','2019-11-11',0,'',NULL,4,0,'A',1),(7031,11,'naboer','','2019-11-11','','2019-11-11',0,'',NULL,3,0,'A',1),(7041,11,'søsteren','','2019-11-11','','2020-09-11',300,'','2019-11-16',3,1,'A',1),(7061,11,'ugle','','2019-11-11','','2022-05-04',900,'','2019-11-16',3,1,'B',1),(7071,11,'igjen','','2019-11-11','','2020-11-10',360,'','2019-11-16',1,1,'B',1),(7081,11,'stjern','','2019-11-11','','2020-10-31',350,'','2019-11-16',3,1,'B',1),(7091,11,'lys','','2019-11-11','','2020-02-14',90,'','2019-11-16',3,1,'B',1),(7101,11,'føle','','2019-11-11','','2019-11-11',0,'',NULL,2,0,'B',1),(7111,11,'spil','','2019-11-11','','2020-02-14',90,'','2019-11-16',3,1,'A',1),(7121,11,'naturligvis','','2019-11-11','','2019-11-11',0,'',NULL,5,0,'B',1),(7131,11,'fuldkommen','','2019-11-11','','2020-02-14',90,'','2019-11-16',2,1,'C',1),(7141,11,'korkene','','2019-11-11','','2019-12-16',30,'','2019-11-16',3,1,'B',1),(7151,11,'sanseløse','','2019-11-11','','2019-11-11',0,'',NULL,1,0,'B',1),(7161,11,'åbenlyst','','2019-11-11','','2019-11-11',0,'',NULL,4,0,'B',1),(7191,4,'лимончик','','2019-11-17','','2019-11-17',0,'',NULL,3,0,'A',1),(7201,4,'враг','','2019-11-17','','2019-11-17',0,'',NULL,3,0,'B',1),(7211,4,'времена','','2019-11-17','','2019-11-17',0,'',NULL,3,0,'A',1),(7221,4,'мудрый','','2019-11-17','','2019-11-17',0,'',NULL,4,0,'A',1),(7231,4,'красный','','2019-11-17','','2019-11-17',0,'',NULL,4,0,'A',1),(7241,4,'обо','','2019-11-17','','2019-11-17',0,'',NULL,1,0,'A',1),(7281,4,'ГОЛОВЫ','','2019-11-17','','2019-11-17',0,'',NULL,3,0,'A',1),(7291,4,'однако','','2019-11-17','','2019-11-17',0,'',NULL,1,0,'A',1),(7301,4,'невозможно','','2019-11-17','','2019-11-17',0,'',NULL,5,0,'A',1),(7311,21,'skyld','','2019-11-24','','2019-11-24',0,'',NULL,3,0,'A',1),(7321,21,'nærmere','','2019-11-24','','2019-11-24',0,'',NULL,1,0,'A',1),(7331,21,'sover','','2019-11-24','','2019-11-24',0,'',NULL,2,0,'A',1),(7341,21,'erkendte','','2019-11-24','','2019-11-24',0,'',NULL,4,0,'A',1),(7351,21,'fornavn','','2019-11-24','','2019-11-24',0,'',NULL,3,0,'A',1),(7361,21,'ulovlige','','2019-11-24','','2019-11-24',0,'',NULL,4,0,'B',1),(7371,21,'udland','','2019-11-24','','2019-11-24',0,'',NULL,3,0,'A',1),(7381,21,'værdig','','2019-11-24','','2019-11-24',0,'',NULL,4,0,'A',1),(7391,21,'behersket','','2019-11-24','','2019-11-24',0,'',NULL,4,0,'B',1),(7401,21,'samliv','','2019-11-24','','2019-11-24',0,'',NULL,3,0,'B',1),(7411,21,'hørlige','','2019-11-24','','2019-11-24',0,'',NULL,4,0,'B',1),(7421,21,'ganske','','2019-11-24','','2019-11-24',0,'',NULL,4,0,'B',1),(7431,21,'hjertelig','','2019-11-24','','2019-11-24',0,'',NULL,4,0,'B',1),(7441,21,'strømning','','2019-11-24','','2019-11-24',0,'',NULL,3,0,'A',1),(7451,21,'rask','','2019-11-24','','2019-11-24',0,'',NULL,4,0,'A',1),(7461,21,'åben','','2019-11-24','','2019-11-24',0,'',NULL,4,0,'A',1),(7471,21,'formand','','2019-11-24','','2019-11-24',0,'',NULL,3,0,'B',1),(7481,21,'plejefar','','2019-11-24','','2019-11-24',0,'',NULL,3,0,'B',1),(7491,21,'kold','','2019-11-24','','2019-11-24',0,'',NULL,4,0,'A',1),(7501,21,'godaften','','2019-11-24','','2019-11-24',0,'',NULL,1,0,'A',1),(7511,21,'svigerinde','','2019-11-24','','2019-11-24',0,'',NULL,3,0,'A',1),(7521,5,'unbegreiflich','','2019-11-29','','2019-11-29',0,'',NULL,4,0,'B',1),(7531,5,'voraussetzung','','2019-11-29','','2019-11-29',0,'',NULL,3,0,'B',1),(7541,5,'Streichhölzer','','2019-11-29','','2019-11-29',0,'',NULL,3,0,'A',1),(7551,5,'makellos','','2019-11-29','','2019-11-29',0,'',NULL,4,0,'B',1),(7561,5,'zeitgemäßer','','2019-11-29','','2019-11-29',0,'',NULL,4,0,'C',1),(7571,5,'vorzüglich','','2019-11-29','','2019-11-29',0,'',NULL,4,0,'C',1),(7581,5,'wäßrige','','2019-11-29','','2019-11-29',0,'',NULL,4,0,'C',1),(7601,5,'üblich','','2019-11-29','','2019-11-29',0,'',NULL,3,0,'B',1),(7611,5,'hinsichtlich','','2019-11-29','','2019-11-29',0,'',NULL,1,0,'C',1),(7621,5,'kreischend','','2019-11-29','','2019-11-29',0,'',NULL,4,0,'B',1),(7631,5,'eifersüchtig','','2019-11-29','','2019-11-29',0,'',NULL,4,0,'B',1),(7641,5,'Arznei','','2019-11-29','','2019-11-29',0,'',NULL,3,0,'B',1),(7651,5,'entsetzen','','2019-11-29','','2019-11-29',0,'',NULL,3,0,'C',1),(7661,5,'Vierteljahr','','2019-11-29','','2019-11-29',0,'',NULL,3,0,'A',1),(7671,5,'verheimlichen','','2019-11-29','','2019-11-29',0,'',NULL,2,0,'B',1),(7681,5,'Fels','','2019-11-29','','2019-11-29',0,'',NULL,3,0,'B',1),(7691,5,'fortgerissen','','2019-11-29','','2019-11-29',0,'',NULL,2,0,'B',1),(7701,5,'verheeren','','2019-11-29','','2019-11-29',0,'',NULL,2,0,'C',1),(7711,5,'verworren','','2019-11-29','','2019-11-29',0,'',NULL,2,0,'C',1),(7721,5,'erfassen','','2019-11-29','','2019-11-29',0,'',NULL,2,0,'B',1),(7731,5,'ergeben','','2019-11-29','','2019-11-29',0,'',NULL,2,0,'C',1),(7741,5,'seltsam','','2019-11-29','','2019-11-29',0,'',NULL,1,0,'A',1),(7761,5,'vernehmen','','2019-11-29','','2019-11-29',0,'',NULL,2,0,'C',1),(7771,5,'verrosten','','2019-11-29','','2019-11-29',0,'',NULL,2,0,'C',1),(7781,5,'zerschießen','','2019-11-29','','2019-11-29',0,'',NULL,2,0,'C',1),(7791,5,'zugeben','','2019-11-29','','2019-11-29',0,'',NULL,2,0,'C',1),(7801,5,'verwahren','','2019-11-29','','2019-11-29',0,'',NULL,2,0,'B',1),(7811,5,'quetschen','','2019-11-29','','2019-11-29',0,'',NULL,2,0,'B',1),(7821,5,'verwechseln','','2019-11-29','','2019-11-29',0,'',NULL,2,0,'B',1),(7831,5,'vermitteln','','2019-11-29','','2019-11-29',0,'',NULL,2,0,'B',1),(7841,5,'Verlegenheit','','2019-11-29','','2019-11-29',0,'',NULL,3,0,'B',1),(7851,5,'erkunden','','2019-11-29','','2019-11-29',0,'',NULL,2,0,'B',1),(7861,5,'Vorfall','','2019-11-29','','2019-11-29',0,'',NULL,3,0,'B',1),(7881,5,'zerfallen','','2019-11-29','','2019-11-29',0,'',NULL,2,0,'C',1),(7891,5,'entziffern','','2019-11-29','','2019-11-29',0,'',NULL,2,0,'C',1),(7901,5,'fügen','','2019-11-29','','2019-11-29',0,'',NULL,2,0,'C',1),(7911,5,'maßnahme','','2019-11-29','','2019-11-29',0,'',NULL,3,0,'C',1),(7921,5,'Schlafwandler','','2019-11-29','','2019-11-29',0,'',NULL,3,0,'C',1),(7931,5,'Umweg','','2019-11-29','','2019-11-29',0,'',NULL,3,0,'B',1),(7941,5,'erraten','','2019-11-29','','2019-11-29',0,'',NULL,3,0,'C',1),(7951,5,'Obrigkeit','','2019-11-29','','2019-11-29',0,'',NULL,3,0,'C',1),(7961,5,'büßen','','2019-11-29','','2019-11-29',0,'',NULL,2,0,'C',1),(7971,5,'zermahlen','','2019-11-29','','2019-11-29',0,'',NULL,2,0,'C',1),(7981,4,'час','','2019-11-29','','2019-11-29',0,'',NULL,3,0,'A',1),(7991,4,'багаж','','2019-11-29','','2019-11-29',0,'',NULL,3,0,'A',1),(8001,4,'понял','','2019-11-29','','2019-11-29',0,'',NULL,2,0,'A',1),(8011,4,'читал','','2019-11-29','','2019-11-29',0,'',NULL,2,0,'A',1),(8021,4,'заснул','','2019-11-29','','2019-11-29',0,'',NULL,1,0,'A',1),(8031,4,'хозяева','','2019-11-29','','2019-11-29',0,'',NULL,3,0,'A',1),(8041,4,'маленькой','','2019-11-29','','2019-11-29',0,'',NULL,3,0,'A',1),(8051,4,'всегда','','2019-11-29','','2019-11-29',0,'',NULL,5,0,'A',1),(8061,4,'иди','','2020-01-06','','2020-01-06',0,'',NULL,2,0,'A',1),(8071,4,'зовёт','','2020-01-06','','2020-01-06',0,'',NULL,2,0,'A',1),(8081,4,'отвечаю','','2020-01-06','','2020-01-06',0,'',NULL,2,0,'A',1),(8091,4,'забыл','','2020-01-06','','2020-01-06',0,'',NULL,2,0,'A',1),(8101,4,'сегодная','','2020-01-06','','2020-01-06',0,'',NULL,2,0,'A',1),(8111,4,'уже','','2020-01-06','','2020-01-06',0,'',NULL,5,0,'A',1),(8121,4,'вместе','','2020-01-06','','2020-01-06',0,'',NULL,5,0,'A',1),(8131,4,'конечно','','2020-01-06','','2020-01-06',0,'',NULL,5,0,'A',1),(8141,4,'родители','','2020-01-06','','2020-01-06',0,'',NULL,3,0,'A',1),(8161,4,'повторяйте','','2020-01-07','','2020-01-07',0,'',NULL,5,0,'A',1),(8171,4,'русинок','','2020-01-07','','2020-01-07',0,'',NULL,3,0,'A',1),(8181,4,'где','','2020-01-07','','2020-01-07',0,'',NULL,3,0,'A',1),(8191,4,'образец','','2020-01-07','','2020-01-07',0,'',NULL,3,0,'B',2),(8201,4,'молоко','','2020-01-07','','2020-01-07',0,'',NULL,3,0,'A',1),(8211,4,'буква','','2020-01-07','','2020-01-07',0,'',NULL,3,0,'A',1),(8221,4,'плохо','','2020-01-07','','2020-01-07',0,'',NULL,5,0,'A',1),(8231,4,'утром','','2020-01-07','','2020-01-07',0,'',NULL,3,0,'A',1),(8241,4,'подруга','','2020-01-07','','2020-01-07',0,'',NULL,3,0,'A',1),(8251,4,'урок','','2020-01-07','','2020-01-07',0,'',NULL,3,0,'A',1),(8261,4,'рыба','','2020-01-07','','2020-01-07',0,'',NULL,3,0,'A',1),(8271,4,'город','','2020-01-07','','2020-01-07',0,'',NULL,3,0,'A',1),(8281,4,'сумка','','2020-01-07','','2020-01-07',0,'',NULL,3,0,'A',1),(8291,4,'завтра','','2020-01-07','','2020-01-07',0,'',NULL,5,0,'A',1),(8301,4,'завод','','2020-01-07','','2020-01-07',0,'',NULL,3,0,'A',1),(8311,4,'собака','','2020-01-07','','2020-01-07',0,'',NULL,3,0,'A',1),(8321,4,'шапка','','2020-01-07','','2020-01-07',0,'',NULL,3,0,'A',1),(8331,4,'нож','','2020-01-07','','2020-01-07',0,'',NULL,5,0,'A',1),(8341,4,'ложка','','2020-01-07','','2020-01-07',0,'',NULL,3,0,'A',2),(8351,4,'звук','','2020-01-07','','2020-01-07',0,'',NULL,3,0,'A',2),(8361,4,'язык','yazyk','2020-01-11','','2020-01-11',0,'',NULL,3,0,'A',11),(8371,4,'слышать','','2020-01-11','','2020-01-11',0,'',NULL,3,0,'A',11),(8381,4,'тут','','2020-01-11','','2020-01-11',0,'',NULL,1,0,'A',11),(8391,4,'рисунок','','2020-01-11','','2020-01-11',0,'',NULL,3,0,'A',11),(8411,4,'ответил','','2020-01-11','','2020-01-11',0,'',NULL,2,0,'A',11),(8441,4,'много','','2020-01-11','','2020-01-11',0,'',NULL,4,0,'A',11),(8451,4,'мало','','2020-01-11','','2020-01-11',0,'',NULL,4,0,'A',11),(8501,4,'сок','','2020-01-11','','2020-01-11',0,'',NULL,3,0,'A',11),(8511,4,'СЫР','','2020-01-11','','2020-01-11',0,'',NULL,3,0,'A',11),(8571,4,'завтрак','','2020-01-11','','2020-01-11',0,'',NULL,3,0,'A',11),(8581,4,'погода','','2020-01-11','','2020-01-11',0,'',NULL,3,0,'A',11),(8591,4,'яблоко','','2020-01-11','','2020-01-11',0,'',NULL,3,0,'A',11),(8601,4,'пожалуйста','','2020-01-11','','2020-01-11',0,'',NULL,3,0,'A',11),(8611,4,'зонт','','2020-01-12','','2020-01-12',0,'',NULL,3,0,'A',11),(8641,4,'карандаш','','2020-01-12','','2020-01-12',0,'',NULL,3,0,'A',11),(8651,4,'до свидания','','2020-01-12','','2020-01-12',0,'',NULL,3,0,'A',11),(8661,4,'жарко','','2020-01-12','','2020-01-12',0,'',NULL,4,0,'A',11),(8671,4,'письмо','','2020-01-12','','2020-01-12',0,'',NULL,3,0,'A',11),(8691,4,'место','','2020-01-12','','2020-01-12',0,'',NULL,3,0,'A',11),(8701,4,'летом','','2020-01-12','','2020-01-12',0,'',NULL,3,0,'A',11),(8711,4,'тетрадь','','2020-01-12','','2020-01-12',0,'',NULL,3,0,'A',11),(8721,4,'осенью','','2020-01-12','','2020-01-12',0,'',NULL,3,0,'A',11),(8731,4,'здесь','','2020-01-12','','2020-01-12',0,'',NULL,6,0,'X',11),(8741,4,'песния','','2020-01-12','','2020-01-12',0,'',NULL,3,0,'X',11),(8751,4,'упражнение','','2020-01-12','','2020-01-12',0,'',NULL,3,0,'X',11),(8761,4,'врач','','2020-01-12','','2020-01-12',0,'',NULL,3,0,'X',11),(8771,4,'вещь','','2020-01-12','','2020-01-12',0,'',NULL,3,0,'A',11),(8781,4,'чашка','','2020-01-12','','2020-01-12',0,'',NULL,3,0,'A',11),(8791,4,'ручка','','2020-01-12','','2020-01-12',0,'',NULL,3,0,'A',11),(8801,4,'почта','','2020-01-12','','2020-01-12',0,'',NULL,3,0,'A',11),(8811,4,'площадь','','2020-01-12','','2020-01-12',0,'',NULL,3,0,'A',11),(8821,4,'общежите','','2020-01-12','','2020-01-12',0,'',NULL,3,0,'A',11),(8831,4,'мороженое','','2020-01-12','','2020-01-12',0,'',NULL,3,0,'A',11),(8841,4,'сад','','2020-01-12','','2020-01-12',0,'',NULL,3,0,'A',11),(8851,4,'тепло','','2020-01-12','','2020-01-12',0,'',NULL,3,0,'A',11),(8861,4,'вечер','','2020-01-12','','2020-01-12',0,'',NULL,3,0,'A',11),(8871,4,'вызов','','2020-01-12','','2020-01-12',0,'',NULL,2,0,'A',11),(8881,4,'нельзя','','2020-01-12','','2020-01-12',0,'',NULL,2,0,'A',11),(8891,4,'статья','','2020-01-12','','2020-01-12',0,'',NULL,3,0,'A',11),(8901,4,'друзья','','2020-01-12','','2020-01-12',0,'',NULL,3,0,'A',11),(8911,4,'фермер','','2020-01-12','','2020-01-12',0,'',NULL,3,0,'A',11),(8921,4,'обед','','2020-01-12','','2020-01-12',0,'',NULL,3,0,'A',11),(8931,4,'билет','','2020-01-12','','2020-01-12',0,'',NULL,3,0,'A',11),(8941,4,'весна','','2020-01-12','','2020-01-12',0,'',NULL,3,0,'A',11),(8951,4,'конверт','','2020-01-12','','2020-01-12',0,'',NULL,3,0,'A',11),(8961,4,'перерыв','','2020-01-12','','2020-01-12',0,'',NULL,3,0,'A',11),(8971,4,'деньги','','2020-01-12','','2020-01-12',0,'',NULL,3,0,'A',11),(8981,4,'химик','','2020-01-12','','2020-01-12',0,'',NULL,3,0,'A',11),(8991,4,'китай','','2020-01-12','','2020-01-12',0,'',NULL,3,0,'A',11),(9001,4,'цена','','2020-01-12','','2020-01-12',0,'',NULL,3,0,'A',11),(9011,4,'улица','','2020-01-12','','2020-01-12',0,'',NULL,3,0,'A',11),(9021,4,'столица','','2020-01-12','','2020-01-12',0,'',NULL,3,0,'A',11),(9031,4,'таблица','','2020-01-12','','2020-01-12',0,'',NULL,3,0,'A',11),(9041,4,'гостиница','','2020-01-12','','2020-01-12',0,'',NULL,3,0,'A',11),(9051,4,'ребёнок','','2020-01-12','','2020-01-12',0,'',NULL,3,0,'A',11),(9061,4,'справа','','2020-01-12','','2020-01-12',0,'',NULL,1,0,'A',11),(9071,4,'слева','','2020-01-12','','2020-01-12',0,'',NULL,1,0,'A',11),(9081,4,'тоже','','2020-01-12','','2020-01-12',0,'',NULL,1,0,'A',11);
/*!40000 ALTER TABLE `words` ENABLE KEYS */;
UNLOCK TABLES;
/*!40103 SET TIME_ZONE=@OLD_TIME_ZONE */;

/*!40101 SET SQL_MODE=@OLD_SQL_MODE */;
/*!40014 SET FOREIGN_KEY_CHECKS=@OLD_FOREIGN_KEY_CHECKS */;
/*!40014 SET UNIQUE_CHECKS=@OLD_UNIQUE_CHECKS */;
/*!40101 SET CHARACTER_SET_CLIENT=@OLD_CHARACTER_SET_CLIENT */;
/*!40101 SET CHARACTER_SET_RESULTS=@OLD_CHARACTER_SET_RESULTS */;
/*!40101 SET COLLATION_CONNECTION=@OLD_COLLATION_CONNECTION */;
/*!40111 SET SQL_NOTES=@OLD_SQL_NOTES */;

-- Dump completed on 2020-01-12 17:49:58
