-- MySQL dump 10.13  Distrib 5.7.12, for Win64 (x86_64)
--
-- Host: eu-cdbr-west-02.cleardb.net    Database: heroku_c7e4aa29469d679
-- ------------------------------------------------------
-- Server version	5.6.44-log

/*!40101 SET @OLD_CHARACTER_SET_CLIENT=@@CHARACTER_SET_CLIENT */;
/*!40101 SET @OLD_CHARACTER_SET_RESULTS=@@CHARACTER_SET_RESULTS */;
/*!40101 SET @OLD_COLLATION_CONNECTION=@@COLLATION_CONNECTION */;
/*!40101 SET NAMES utf8 */;
/*!40103 SET @OLD_TIME_ZONE=@@TIME_ZONE */;
/*!40103 SET TIME_ZONE='+00:00' */;
/*!40014 SET @OLD_UNIQUE_CHECKS=@@UNIQUE_CHECKS, UNIQUE_CHECKS=0 */;
/*!40014 SET @OLD_FOREIGN_KEY_CHECKS=@@FOREIGN_KEY_CHECKS, FOREIGN_KEY_CHECKS=0 */;
/*!40101 SET @OLD_SQL_MODE=@@SQL_MODE, SQL_MODE='NO_AUTO_VALUE_ON_ZERO' */;
/*!40111 SET @OLD_SQL_NOTES=@@SQL_NOTES, SQL_NOTES=0 */;

--
-- Table structure for table `languages`
--

DROP TABLE IF EXISTS `languages`;
/*!40101 SET @saved_cs_client     = @@character_set_client */;
/*!40101 SET character_set_client = utf8 */;
CREATE TABLE `languages` (
  `lan_id` tinyint(3) unsigned NOT NULL AUTO_INCREMENT,
  `lan_title` varchar(15) NOT NULL,
  `lan_foreign` tinyint(1) unsigned DEFAULT '0',
  PRIMARY KEY (`lan_id`),
  UNIQUE KEY `lan_title` (`lan_title`)
) ENGINE=InnoDB AUTO_INCREMENT=41 DEFAULT CHARSET=utf8;
/*!40101 SET character_set_client = @saved_cs_client */;

--
-- Dumping data for table `languages`
--

LOCK TABLES `languages` WRITE;
/*!40000 ALTER TABLE `languages` DISABLE KEYS */;
INSERT INTO `languages` VALUES (1,'Ελληνικά',0),(2,'English',0),(3,'Francais',0),(4,'русский',1),(5,'Deutsch',1),(11,'Bokmål',1),(21,'Dansk',1),(31,'Svensk',1);
/*!40000 ALTER TABLE `languages` ENABLE KEYS */;
UNLOCK TABLES;

--
-- Table structure for table `poses`
--

DROP TABLE IF EXISTS `poses`;
/*!40101 SET @saved_cs_client     = @@character_set_client */;
/*!40101 SET character_set_client = utf8 */;
CREATE TABLE `poses` (
  `ps_id` tinyint(3) unsigned NOT NULL AUTO_INCREMENT,
  `ps_title` varchar(10) NOT NULL,
  PRIMARY KEY (`ps_id`),
  UNIQUE KEY `ps_title` (`ps_title`)
) ENGINE=InnoDB AUTO_INCREMENT=7 DEFAULT CHARSET=utf8;
/*!40101 SET character_set_client = @saved_cs_client */;

--
-- Dumping data for table `poses`
--

LOCK TABLES `poses` WRITE;
/*!40000 ALTER TABLE `poses` DISABLE KEYS */;
INSERT INTO `poses` VALUES (4,'Adjective'),(5,'Adverb'),(3,'Noun'),(6,'Preposi'),(1,'Undefined'),(2,'Verb');
/*!40000 ALTER TABLE `poses` ENABLE KEYS */;
UNLOCK TABLES;

--
-- Table structure for table `translations`
--

DROP TABLE IF EXISTS `translations`;
/*!40101 SET @saved_cs_client     = @@character_set_client */;
/*!40101 SET character_set_client = utf8 */;
CREATE TABLE `translations` (
  `tra_id` int(10) unsigned NOT NULL AUTO_INCREMENT,
  `tra_wordid` int(10) unsigned NOT NULL,
  `tra_langid` tinyint(3) unsigned NOT NULL DEFAULT '1',
  `tra_meaning` varchar(45) NOT NULL,
  PRIMARY KEY (`tra_id`),
  UNIQUE KEY `uniq_combo` (`tra_wordid`,`tra_meaning`,`tra_langid`),
  KEY `tra_wordid` (`tra_wordid`),
  KEY `tra_langid` (`tra_langid`),
  CONSTRAINT `translations_ibfk_1` FOREIGN KEY (`tra_langid`) REFERENCES `languages` (`lan_id`),
  CONSTRAINT `translations_ibfk_2` FOREIGN KEY (`tra_wordid`) REFERENCES `words` (`wor_id`)
) ENGINE=InnoDB AUTO_INCREMENT=4191 DEFAULT CHARSET=utf8;
/*!40101 SET character_set_client = @saved_cs_client */;

--
-- Dumping data for table `translations`
--

LOCK TABLES `translations` WRITE;
/*!40000 ALTER TABLE `translations` DISABLE KEYS */;
INSERT INTO `translations` VALUES (11,2,1,'αγαπώ'),(1,3,5,'Passagier'),(2,4,1,'υπερπέραν'),(21,11,1,'θεία'),(31,31,1,'ώρα'),(41,41,1,'κάνω'),(51,61,1,'τουλάχιστον'),(61,71,1,'ζευγάρι'),(71,81,1,'αναγκάζω'),(81,101,1,'σύνδεση'),(91,111,1,'δύσκολο'),(101,121,1,'σύνορα'),(111,131,1,'γαλλικά'),(261,141,1,'ισχύς'),(161,151,1,'δρόμος'),(121,161,1,'ζώ'),(251,171,1,'χάρη σε'),(241,181,1,'γυναίκα'),(231,191,1,'όλα'),(221,201,5,'Eisen'),(211,211,2,'thaw'),(201,221,1,'βήματα'),(191,231,1,'αριστερά'),(181,241,1,'υγρασιώδες'),(151,251,1,'παράθυρο'),(131,261,1,'βιβλιο'),(141,271,1,'ομίχλη'),(171,281,1,'τέλος'),(271,291,5,'glücklich'),(281,301,2,'german'),(291,311,1,'χειμώνας'),(301,321,1,'όμοιες'),(311,331,1,'κάθε'),(321,341,5,'auf ihrer Weise'),(331,351,2,'wife'),(341,361,2,'husband'),(351,371,2,'dearie'),(361,381,2,'have a drinj'),(371,391,5,'Vergangheit'),(381,401,5,'kennenlernen'),(391,411,5,'hier'),(401,421,1,'νέος'),(411,431,2,'god'),(421,451,5,'uns'),(431,461,5,'uns'),(441,471,5,'uns'),(451,481,5,'Jahr'),(461,581,5,'sagen'),(471,591,5,'Mensch'),(481,601,5,'Menschen'),(491,611,2,'operation'),(501,621,2,'danke'),(511,631,5,'denken'),(521,641,5,'ich'),(531,651,5,'mich'),(541,661,5,'meine'),(551,671,5,'er'),(561,691,5,'sein'),(571,701,5,'sich'),(581,711,5,'sie'),(591,721,5,'ihr'),(601,731,5,'wir'),(611,741,5,'uns'),(621,751,5,'unser'),(631,761,5,'schlecht'),(641,771,5,'Stimme'),(651,781,5,'werden'),(661,791,5,'unten'),(671,801,5,'stehen'),(681,821,4,'бог'),(691,831,4,'hell'),(701,841,5,'Tag'),(711,851,5,'Menschen'),(721,861,1,'allein'),(731,871,1,'jetzt'),(741,881,1,'schlafe'),(751,891,1,'trink'),(761,901,5,'niemals'),(771,911,5,'arbeiten'),(781,921,5,'orphanage'),(791,931,5,'Zeitungen'),(801,941,5,'beide'),(811,951,5,'Kind'),(821,961,5,'Bücher'),(831,971,5,'Tag'),(841,981,5,'daughter'),(851,991,5,'dieser'),(861,1001,5,'es'),(871,1011,5,'dich'),(881,1021,5,'Getränk'),(891,1041,5,'Tod'),(901,1051,5,'Tür'),(911,1061,5,'nicht'),(921,1071,5,'nicht'),(931,1081,5,'ist'),(941,1091,5,'Vater'),(951,1101,5,'Mutter'),(961,1111,5,'farewell'),(971,1121,5,'Waffen'),(981,1131,5,'Messer'),(991,1141,5,'Fisch'),(1001,1151,5,'Felder'),(1011,1161,5,'Flammen'),(1021,1171,5,'Füß'),(1031,1181,5,'für'),(1041,1191,5,'stattfinden'),(1051,1201,5,'Fluss'),(1061,1211,5,'aus'),(1071,1221,5,'vorwarts'),(1081,1241,5,'bevor'),(1091,1251,5,'gehen'),(1101,1261,5,'Garten'),(1111,1271,5,'Nutzen'),(1121,1281,5,'gasp'),(1131,1291,5,'Gott'),(1141,1301,5,'halbdunkel'),(1151,1311,5,'halbgewachset'),(1161,1341,5,'heißen'),(1171,1351,5,'verhindern'),(1181,1361,5,'Hause'),(1191,1371,5,'Hilfe'),(1201,1381,5,'halten'),(1211,1411,5,'wife'),(1221,1421,5,'was'),(1231,1431,5,'in'),(1241,1441,5,'heute'),(1251,1451,5,'gegen'),(1261,1461,2,'tomorrow'),(1271,1481,5,'Zimmer'),(1281,1491,5,'können'),(1291,1501,5,'vielleicht'),(1301,1511,5,'wissen'),(1311,1521,5,'Kirche'),(1321,1531,2,'o clock'),(1331,1541,5,'kommen'),(1341,1551,5,'Krieg'),(1351,1561,5,'Landhaus'),(1361,1571,2,'landscape'),(1371,1581,5,'liegen'),(1381,1591,5,'Glück'),(1391,1611,5,'Sonne'),(1401,1621,5,'strahlendes Lichtschein'),(1411,1631,5,'müssen'),(1421,1641,5,'viele'),(1431,1651,5,'Macht'),(1441,1671,5,'mit'),(1451,1681,5,'meine'),(1461,1691,5,'Männer'),(1471,1701,5,'mitten'),(1481,1711,5,'Namme'),(1491,1721,5,'niemand'),(1501,1731,5,'Norwegen'),(1511,1741,5,'genug'),(1521,1751,5,'wann'),(1531,1761,5,'auf'),(1541,1771,5,'und'),(1551,1791,5,'oden'),(1561,1801,5,'über'),(1571,1811,5,'Pastor'),(1581,1821,5,'Regnen'),(1591,1831,5,'Reisen'),(1601,1841,5,'richtig'),(1611,1851,5,'spacious'),(1621,1861,5,'Song'),(1631,1871,5,'sehen'),(1641,1891,5,'sagen'),(1651,1901,5,'sagt'),(1661,1911,5,'sollten'),(1671,1921,5,'zerbrechlig'),(1681,1931,5,'schlangen'),(1691,1941,5,'Staff'),(1701,1961,5,'Stern'),(1711,1971,5,'Stuhl'),(1721,1981,5,'as'),(1731,1991,5,'schwach'),(1741,2001,5,'Sachen'),(1751,2011,5,'zwei'),(1761,2021,5,'tonlosig'),(1771,2031,5,'glauben'),(1781,2041,5,'junge'),(1791,2051,5,'Weg'),(1801,2061,5,'Westen'),(1811,2071,5,'würde'),(1821,2081,5,'unser'),(1831,2091,5,'Wand'),(1841,2101,5,'Augenblick'),(1851,2111,1,'βήμα'),(1861,2121,1,'έμαθε'),(1871,2151,2,'through,via'),(1881,2161,1,'θα πω'),(1891,2171,1,'πάλι'),(1901,2181,2,'since'),(1911,2191,1,'βασιλιάς'),(1921,2201,1,'ακτή'),(1931,2211,1,'κόρη'),(1941,2221,1,'αγόρι'),(1951,2231,1,'παιδί'),(1961,2241,1,'τους'),(1971,2251,1,'θάλασσα'),(1981,2261,1,'ουρανός'),(1991,2271,1,'δύναμη'),(2001,2281,2,'by myself'),(2011,2291,1,'κάποιες φορές'),(2021,2301,1,'ζωή'),(2031,2311,1,'βουνά'),(2041,2321,1,'Γη'),(2051,2331,1,'τότε'),(2061,2341,2,'possessed'),(2071,2351,1,'αρχικά'),(2081,2361,1,'μόνο'),(2091,2371,1,'αρχικά'),(2101,2381,2,'ruled'),(2111,2391,1,'στοιχεία'),(2121,2401,2,'lead'),(2131,2411,2,'omnipotent'),(2141,2421,1,'εμφανίστηκε'),(2151,2431,2,'lit up'),(2161,2441,1,'ξεκίνησε'),(2171,2451,1,'ζήλεψε'),(2181,2461,1,'hurry'),(2191,2471,1,'συνομωσία'),(2201,2481,1,'foo'),(2211,2491,5,'stürzen'),(2221,2511,5,'Teppich'),(2231,2521,5,'ist'),(2241,2531,5,'reich'),(2251,2541,5,'endlig'),(2261,2551,5,'König'),(2271,2561,5,'Königsmütter'),(2281,2571,5,'Briefe'),(2291,2581,5,'Königin'),(2301,2591,5,'Sheriff'),(2311,2601,5,'töten'),(2321,2611,5,'erledigt'),(2331,2621,5,'aus'),(2341,2631,5,'tun'),(2351,2641,5,'liebe'),(2361,2651,2,'after'),(2371,2661,5,'gedankvoll'),(2381,2671,1,'δακρυσμένος'),(2391,2681,1,'ευπρεπής'),(2401,2691,5,'Sie'),(2411,2701,5,'hatte'),(2421,2711,5,'nur'),(2431,2721,2,'ήχος'),(2441,2731,2,'seal'),(2451,2751,5,'sprach'),(2461,2761,5,'denken'),(2471,2771,5,'unrühig'),(2481,2781,2,'who'),(2491,2791,5,'auf'),(2501,2801,5,'Wolf'),(2511,2811,5,'wo'),(2521,2821,5,'fragen'),(2531,2831,5,'Dampf'),(2541,2841,5,'Boot'),(2551,2851,5,'Ewigkeit'),(2561,2871,2,'raised'),(2571,2881,2,'should'),(2581,2891,2,'move'),(2591,2911,5,'reichzeitig'),(2601,2921,5,'Jahr'),(2611,2931,5,'einsam'),(2621,2941,5,'Witwer'),(2631,2951,5,'warum'),(2641,2961,5,'jetzt'),(2651,2971,5,'neu'),(2661,2981,5,'gut'),(2671,2991,5,'See'),(2681,3001,5,'Matrosen'),(2691,3021,5,'schwierig'),(2701,3031,5,'Schiff'),(2711,3041,5,'Wetter'),(2721,3051,5,'Regen'),(2731,3061,5,'Sturm'),(2741,3071,5,'ermüdend'),(2751,3081,2,'blessed'),(2761,3091,5,'folgen'),(2771,3101,2,'town people'),(2781,3111,5,'Stein'),(2791,3121,5,'später'),(2801,3131,5,'fertig'),(2811,3141,5,'Seele'),(2821,3151,5,'Gute Nacht'),(2831,3161,5,'ewig'),(2841,3171,5,'Sieg'),(2851,3181,5,'obwohl'),(2861,3191,5,'am besten'),(2871,3201,5,'letzte'),(2881,3221,2,'hits'),(2891,3241,5,'Frieden'),(2901,3251,5,'Freundschaft'),(2911,3261,5,'Bier'),(2921,3271,2,'sitting'),(2931,3281,2,'reconciled'),(2941,3291,5,'verlassen'),(2951,3301,5,'pflicht'),(2961,3311,5,'auch'),(2971,3321,5,'geschworen'),(2981,3341,5,'mal'),(2991,3351,5,'bereit'),(3001,3361,5,'Segel'),(3011,3371,5,'steht'),(3021,3381,5,'einige'),(3031,3401,5,'Kandidat'),(3041,3411,5,'Sitze'),(3051,3421,2,'elevation'),(3061,3441,2,'cups'),(3071,3451,5,'Aufführungen'),(3081,3461,5,'fragte'),(3091,3471,5,'Hochzeit'),(3101,3481,5,'mächtig'),(3111,3491,5,'stark'),(3121,3501,5,'Gespräche'),(3131,3511,5,'sein'),(3141,3521,5,'verlassen'),(3151,3531,2,'indeed'),(3161,3541,5,'doch'),(3171,3551,5,'hatte'),(3181,3571,5,'nephew'),(3191,3581,5,'unverändert'),(3201,3591,5,'sichern'),(3211,3601,5,'klug'),(3221,3611,5,'frisch'),(3231,3621,5,'Leben'),(3241,3631,5,'wusste'),(3251,3641,5,'Erbe'),(3261,3651,5,'brew'),(3271,3661,5,'Schwert'),(3281,3671,5,'Ratgeber'),(3291,3681,5,'plotzlich'),(3301,3691,5,'aufwecken'),(3311,3701,5,'folgte'),(3321,3711,5,'Vater'),(3331,3721,5,'außer'),(3341,3731,5,'Träume'),(3351,3741,5,'voll'),(3361,3751,5,'Schmerz'),(3371,3761,5,'Abgrund'),(3381,3771,2,'should'),(3391,3781,5,'trotz'),(3401,3791,5,'wirklich'),(3411,3801,5,'bestraffen'),(3421,3811,5,'Haus'),(3431,3821,5,'vergangen'),(3441,3831,5,'seit'),(3451,3841,1,'φυλακισμένος'),(3461,3851,1,'εμεινε'),(3471,3861,1,'ήταν περήφανοι'),(3481,3871,1,'διατηρούνται'),(3491,3881,1,'6'),(3501,3891,1,'πατέρα'),(3511,3901,1,'μια μέρα'),(3521,3911,1,'παιδιά'),(3531,3921,1,'θρόνος'),(3541,3931,1,'κλειδωσε'),(3551,3941,1,'γή'),(3561,3951,2,'bowels'),(3571,3961,1,'δύναμη'),(3581,3971,1,'καταράστηκε'),(3591,3981,2,'foretelling'),(3601,3991,1,'ημίθεος'),(3611,4001,2,'found'),(3621,4011,1,'έστειλε'),(3631,4021,1,'άνεμο'),(3641,4041,1,'ήρωες'),(3651,4051,5,'aus'),(3661,4071,5,'und'),(3671,4081,5,'Gefangen'),(3681,4091,2,'be wrong'),(3691,4111,2,'hesitate'),(3701,4121,2,'expire'),(3711,4131,2,'barricade'),(3721,4141,2,'search'),(3731,4151,2,'ρουφάω'),(3741,4161,2,'drill'),(3751,4171,2,'mistaken'),(3761,4181,2,'renounce'),(3771,4191,2,'supply'),(3781,4201,2,'blur'),(3791,4211,2,'roll dice'),(3801,4231,2,'warped'),(3811,4241,2,'carve'),(3821,4251,2,'happen'),(3831,4261,2,'smell'),(3841,4271,2,'transport'),(3851,4281,2,'horse ride'),(3861,4291,2,'nourish'),(3871,4301,2,'chimney'),(3881,4311,2,'predator'),(3891,4321,2,'cash'),(3901,4331,2,'bag'),(3911,4341,2,'drinking straw'),(3921,4351,2,'regulations'),(3931,4361,2,'draft'),(3941,4371,2,'odor'),(3951,4381,1,'μούχκα'),(3961,4391,2,'goat'),(3971,4401,2,'barn'),(3981,4411,2,''),(3991,4421,2,'shape'),(4001,4431,1,'παγώνι'),(4011,4441,1,'εγγόνι'),(4021,4451,1,'μάντης'),(4031,4461,1,'υποψία'),(4041,4471,1,'πεταλούδα'),(4051,4481,2,'longing'),(4061,4491,2,'stunned'),(4071,4521,1,'ον'),(4081,4531,2,'elevator'),(4091,4541,2,'affair'),(4101,4551,2,'niece'),(4111,4561,2,'angle'),(4121,4571,2,'all the same'),(4131,4581,2,'attempt'),(4141,4591,2,'shaft'),(4151,4601,2,'rot'),(4161,4611,1,'καστανιά'),(4171,4621,2,'scratch'),(4181,4631,2,'forehead');
/*!40000 ALTER TABLE `translations` ENABLE KEYS */;
UNLOCK TABLES;

--
-- Table structure for table `words`
--

DROP TABLE IF EXISTS `words`;
/*!40101 SET @saved_cs_client     = @@character_set_client */;
/*!40101 SET character_set_client = utf8 */;
CREATE TABLE `words` (
  `wor_id` int(10) unsigned NOT NULL AUTO_INCREMENT,
  `wor_langid` tinyint(3) unsigned NOT NULL DEFAULT '4',
  `wor_word` varchar(45) NOT NULL,
  `wor_pronounce` varchar(45) DEFAULT NULL,
  `wor_added` date DEFAULT NULL,
  `wor_stem` varchar(45) DEFAULT NULL,
  `wor_due` date DEFAULT NULL,
  `wor_avg_days_due` float unsigned DEFAULT '0',
  `wor_comment` varchar(45) DEFAULT NULL,
  `wor_checked` date DEFAULT NULL,
  `wor_posid` tinyint(3) unsigned DEFAULT '1',
  `wor_times_tested` int(10) unsigned DEFAULT '0',
  PRIMARY KEY (`wor_id`),
  UNIQUE KEY `wor_word_UNIQUE` (`wor_word`),
  KEY `wor_langid` (`wor_langid`),
  CONSTRAINT `words_ibfk_1` FOREIGN KEY (`wor_langid`) REFERENCES `languages` (`lan_id`)
) ENGINE=InnoDB AUTO_INCREMENT=4641 DEFAULT CHARSET=utf8;
/*!40101 SET character_set_client = @saved_cs_client */;

--
-- Dumping data for table `words`
--

LOCK TABLES `words` WRITE;
/*!40000 ALTER TABLE `words` DISABLE KEYS */;
INSERT INTO `words` VALUES (1,4,'Я','','2019-06-17',NULL,'2019-12-19',0,NULL,'2019-09-20',1,1),(2,4,'любить','','2019-06-17',NULL,'2019-09-23',0,NULL,'2019-09-20',1,1),(3,4,'пассажир','','2019-06-17',NULL,'2019-12-19',0,NULL,'2019-09-20',1,1),(4,5,'Jenseits','','2019-06-17',NULL,'2019-09-05',0,NULL,NULL,1,0),(11,4,'тетя',NULL,'2019-06-17',NULL,'2019-12-19',0,NULL,'2019-09-20',1,1),(21,4,'крыша',NULL,'2019-06-17',NULL,'2019-12-19',0,NULL,'2019-09-20',1,1),(31,4,'часов',NULL,'2019-06-17',NULL,'2019-12-19',0,NULL,'2019-09-20',1,1),(41,4,'деять',NULL,'2019-06-17',NULL,'2019-09-23',0,NULL,'2019-09-20',1,1),(51,4,'дядя',NULL,'2019-06-17',NULL,'2019-12-19',0,NULL,'2019-09-20',1,1),(61,4,'хоть',NULL,'2019-06-17',NULL,'2019-09-24',0,NULL,'2019-09-20',1,1),(71,4,'парах',NULL,'2019-06-17',NULL,'2019-12-19',0,NULL,'2019-09-20',1,1),(81,4,'насилу',NULL,'2019-06-17',NULL,'2019-09-27',1,NULL,'2019-09-25',1,2),(91,4,'было',NULL,'2019-06-17',NULL,'2019-12-19',0,NULL,'2019-09-20',1,1),(101,4,'свяэь',NULL,'2019-06-17',NULL,'2019-09-26',1,NULL,'2019-09-25',1,1),(111,4,'трудно',NULL,'2019-06-17',NULL,'2019-12-19',0,NULL,'2019-09-20',1,1),(121,4,'границы',NULL,'2019-06-17',NULL,'2019-12-19',0,NULL,'2019-09-20',1,1),(131,4,'Французский',NULL,'2019-06-17',NULL,'2019-12-19',0,NULL,'2019-09-20',1,1),(141,4,'мощность',NULL,'2019-06-17',NULL,'2019-09-27',1,NULL,'2019-09-25',1,2),(151,4,'дороги',NULL,'2019-06-17',NULL,'2019-12-19',0,NULL,'2019-09-20',1,1),(161,4,'жить',NULL,'2019-06-17',NULL,'2019-12-19',0,NULL,'2019-09-20',1,1),(171,4,'благодаря',NULL,'2019-06-17',NULL,'2019-10-13',0,NULL,'2019-10-13',1,2),(181,4,'женщина',NULL,'2019-06-17',NULL,'2019-12-19',0,NULL,'2019-09-20',1,1),(191,4,'каждый',NULL,'2019-06-17',NULL,'2019-12-19',0,NULL,'2019-09-20',1,1),(201,4,'железные',NULL,'2019-06-17',NULL,'2019-12-19',0,NULL,'2019-09-20',1,1),(211,4,'оттепель',NULL,'2019-06-17',NULL,'2019-09-22',0,NULL,'2019-09-20',1,1),(221,4,'шагах',NULL,'2019-06-17',NULL,'2019-12-19',0,NULL,'2019-09-20',1,1),(231,4,'влево',NULL,'2019-06-17',NULL,'2019-12-19',0,NULL,'2019-09-20',1,1),(241,4,'сыро',NULL,'2019-06-17',NULL,'2019-09-28',1.5,NULL,'2019-09-25',1,3),(251,4,'окон',NULL,'2019-06-17',NULL,'2019-12-19',0,NULL,'2019-09-20',1,1),(261,4,'книга',NULL,'2019-06-17',NULL,'2019-12-19',0,NULL,'2019-09-20',1,1),(271,4,'туман',NULL,'2019-06-17',NULL,'2019-12-19',0,NULL,'2019-09-20',1,1),(281,4,'конец',NULL,'2019-06-17',NULL,'2019-12-19',0,NULL,'2019-09-20',1,1),(291,4,'счастливый',NULL,'2019-06-17',NULL,'2019-12-19',0,NULL,'2019-09-20',1,1),(301,4,'немецкий','nemetskiy','2019-07-03',NULL,'2019-12-19',0,NULL,'2019-09-20',1,1),(311,4,'зима','zimá','2019-07-03',NULL,'2019-09-30',0,NULL,'2019-09-18',1,0),(321,4,'похожи','pakhózhi','2019-07-04',NULL,'2019-12-19',0,NULL,'2019-09-20',1,1),(331,4,'каждая','kazdaya','2019-07-04',NULL,'2019-11-04',0,NULL,'2019-09-20',1,1),(341,4,'по-своему','kazdaya','2019-07-04',NULL,'2019-11-04',0,NULL,'2019-09-20',1,1),(351,4,'жена','zhená','2019-07-04',NULL,'2019-11-04',0,NULL,'2019-09-20',1,1),(361,4,'муж','myzh','2019-07-04',NULL,'2019-12-19',0,NULL,'2019-09-20',1,1),(371,4,'батюшка','bátyuska','2019-07-04',NULL,'2019-12-19',0,NULL,'2019-09-20',1,1),(381,4,'выпить','vypit','2019-07-04',NULL,'2019-10-13',0,NULL,'2019-10-13',1,2),(391,4,'ррошлое','próshloye','2019-07-04',NULL,'2019-10-06',0,NULL,'2019-10-06',1,2),(401,4,'знакомиться','znakómitsya','2019-07-04',NULL,'2020-02-08',0,NULL,'2019-09-11',1,0),(411,4,'сюда','syudá','2019-07-04',NULL,'2019-12-19',0,NULL,'2019-09-20',1,1),(421,4,'молодой','maládoy','2019-07-05',NULL,'2019-12-19',0,NULL,'2019-09-20',1,1),(431,4,'бог','','2019-07-15',NULL,'2019-12-19',0,NULL,'2019-09-20',1,1),(451,4,'нам','','2019-07-15',NULL,'2019-12-19',0,NULL,'2019-09-20',1,1),(461,4,'нас','','2019-07-15',NULL,'2019-12-19',0,NULL,'2019-09-20',1,1),(471,4,'наш','','2019-07-15',NULL,'2019-12-19',0,NULL,'2019-09-20',1,1),(481,4,'лет','','2019-07-15',NULL,'2019-12-19',0,NULL,'2019-09-20',1,1),(581,4,'сказать','','2019-07-15',NULL,'2019-12-19',0,NULL,'2019-09-20',1,1),(591,4,'человек','','2019-07-15',NULL,'2019-12-19',0,NULL,'2019-09-20',1,1),(601,4,'люди','','2019-07-15',NULL,'2019-12-19',0,NULL,'2019-09-20',1,1),(611,4,'операция','','2019-07-15',NULL,'2019-12-19',0,NULL,'2019-09-20',1,1),(621,4,'спасибо','','2019-07-15',NULL,'2019-12-19',0,NULL,'2019-09-20',1,1),(631,4,'думать','','2019-07-15',NULL,'2019-11-04',0,NULL,'2019-09-20',1,1),(641,11,'jeg','','2019-07-15',NULL,'2020-02-17',0,NULL,'2019-09-20',1,1),(651,11,'mig','','2019-07-15',NULL,'2019-12-23',0,NULL,'2019-09-24',1,1),(661,11,'min','','2019-07-15',NULL,'2019-10-13',0,NULL,'2019-10-13',1,2),(671,11,'han','','2019-07-15',NULL,'2019-12-23',0,NULL,'2019-09-24',1,1),(691,11,'hans','','2019-07-15',NULL,'2019-12-23',0,NULL,'2019-09-24',1,1),(701,11,'sig','','2019-07-15',NULL,'2019-12-23',0,NULL,'2019-09-24',1,1),(711,11,'hun','','2019-07-15',NULL,'2019-12-23',0,NULL,'2019-09-24',1,1),(721,11,'hendes','','2019-07-15',NULL,'2019-12-29',33.5,NULL,'2019-10-23',1,2),(731,11,'vi','','2019-07-15',NULL,'2019-12-23',0,NULL,'2019-09-24',1,1),(741,11,'os','','2019-07-15',NULL,'2019-12-07',0,NULL,'2019-09-20',1,1),(751,11,'vores','','2019-07-15',NULL,'2019-12-19',0,NULL,'2019-09-20',1,1),(761,11,'dårlig','','2019-07-15',NULL,'2019-09-27',2,NULL,'2019-09-25',1,1),(771,11,'stemme','','2019-07-15',NULL,'2019-12-19',0,NULL,'2019-09-20',1,1),(781,11,'vil','','2019-07-15',NULL,'2019-10-13',0,NULL,'2019-10-13',1,2),(791,11,'stående','','2019-07-15',NULL,'2019-10-13',0,NULL,'2019-10-13',1,1),(801,11,'stå','','2019-07-15',NULL,'2019-11-05',30,NULL,'2019-10-06',1,1),(821,11,'Herre','','2019-07-15',NULL,'2019-12-19',0,NULL,'2019-09-20',1,1),(831,11,'lyse','','2019-07-15',NULL,'2019-12-19',0,NULL,'2019-09-20',1,1),(841,11,'dag','','2019-07-15',NULL,'2019-12-19',0,NULL,'2019-09-20',1,1),(851,11,'mennesker','','2019-07-15',NULL,'2019-11-13',0,NULL,'2019-09-18',1,0),(861,4,'одна','Pronouncation','2019-07-23',NULL,'2019-12-19',0,NULL,'2019-09-20',1,1),(871,4,'теперь','Pronouncation','2019-07-23',NULL,'2019-11-06',0,NULL,'2019-09-22',1,2),(881,4,'сплю','Pronouncation','2019-07-23',NULL,'2019-09-20',0,NULL,'2019-09-20',1,1),(891,4,'пью','Pronouncation','2019-07-23',NULL,'2019-11-06',0,NULL,'2019-09-22',1,2),(901,11,'aldrig','',NULL,'','2019-12-19',0,'','2019-09-20',1,1),(911,11,'arbejde','',NULL,'','2019-12-19',0,'','2019-09-20',1,1),(921,11,'asylet','',NULL,'','2019-12-19',0,'','2019-09-20',1,1),(931,11,'aviser','',NULL,'','2020-01-04',45,'','2019-10-06',1,2),(941,11,'baade','',NULL,'','2019-12-19',0,'','2019-09-20',1,1),(951,11,'barnet','',NULL,'','2019-12-19',0,'','2019-09-20',1,1),(961,11,'bøger','',NULL,'','2020-01-21',30,'','2019-10-23',1,3),(971,11,'daggen','',NULL,'','2019-12-19',0,'','2019-09-20',1,1),(981,11,'datter','',NULL,'','2019-12-19',0,'','2019-09-20',1,1),(991,11,'denne','',NULL,'','2019-10-13',0,'','2019-10-13',1,1),(1001,11,'det','',NULL,'','2019-12-23',0,'','2019-09-24',1,1),(1011,11,'dig','',NULL,'','2019-12-19',0,'','2019-09-20',1,1),(1021,11,'drikke','',NULL,'','2019-10-26',20,'','2019-10-06',1,1),(1041,11,'død','',NULL,'','2019-12-19',0,'','2019-09-20',1,1),(1051,11,'dør','',NULL,'','2019-12-19',0,'','2019-09-20',1,1),(1061,11,'ej','',NULL,'','2019-12-15',70,'','2019-10-06',1,1),(1071,11,'ikke','',NULL,'','2019-12-19',0,'','2019-09-20',1,1),(1081,11,'er','',NULL,'','2020-01-04',45,'','2019-10-06',1,2),(1091,11,'far','',NULL,'','2020-01-21',30,'','2019-10-23',1,3),(1101,11,'mor','',NULL,'','2019-12-19',0,'','2019-09-20',1,1),(1111,11,'farvel','',NULL,'','2019-12-19',0,'','2019-09-20',1,1),(1121,11,'favn','',NULL,'','2019-10-13',0,'','2019-10-13',1,2),(1131,11,'Kniv','',NULL,'','2019-12-15',35,'','2019-10-06',1,2),(1141,11,'fisk','',NULL,'','2020-01-21',45,'','2019-10-23',1,2),(1151,11,'fjeld','',NULL,'','2019-12-19',0,'','2019-09-20',1,1),(1161,11,'flammer','',NULL,'','2019-12-19',0,'','2019-09-20',1,1),(1171,11,'foden','',NULL,'','2019-10-29',3,'','2019-10-23',1,2),(1181,11,'for','',NULL,'','2020-01-14',100,'','2019-10-06',1,1),(1191,11,'foregår','',NULL,'','2019-10-23',0,'','2019-10-23',1,2),(1201,11,'foss','',NULL,'','2019-12-23',0,'','2019-09-24',1,1),(1211,11,'fra','',NULL,'','2020-01-21',45,'','2019-10-23',1,2),(1221,11,'frem','',NULL,'','2019-09-12',0,'',NULL,1,0),(1241,11,'før','',NULL,'','2019-10-30',3.5,'','2019-10-23',1,2),(1251,11,'gaar','',NULL,'','2019-12-23',0,'','2019-09-24',1,1),(1261,11,'gaarden','',NULL,'','2019-12-19',0,'','2019-09-20',1,1),(1271,11,'gavn','',NULL,'','2019-10-13',0,'','2019-10-13',1,1),(1281,11,'gisp','',NULL,'','2019-12-19',0,'','2019-09-20',1,1),(1291,11,'Gud','',NULL,'','2019-12-23',0,'','2019-09-24',1,1),(1301,11,'halvmørkt','',NULL,'','2019-12-19',0,'','2019-09-20',1,1),(1311,11,'halvvoxne','',NULL,'','2019-12-19',0,'','2019-09-20',1,1),(1341,11,'heder','',NULL,'','2019-11-08',0,'','2019-09-24',1,1),(1351,11,'hinder','',NULL,'','2019-10-13',0,'','2019-10-13',1,2),(1361,11,'hjem','',NULL,'','2019-12-19',0,'','2019-09-20',1,1),(1371,11,'hjælp','',NULL,'','2019-12-19',0,'','2019-09-20',1,1),(1381,11,'holde','',NULL,'','2019-10-13',0,'','2019-10-13',1,2),(1411,11,'hustru','',NULL,'','2019-12-19',0,'','2019-09-20',1,1),(1421,11,'hvad','',NULL,'','2019-10-13',0,'','2019-10-13',1,2),(1431,11,'i','',NULL,'','2019-12-23',0,'','2019-09-24',1,1),(1441,11,'idag','',NULL,'','2019-12-19',0,'','2019-09-20',1,1),(1451,11,'imod','',NULL,'','2019-09-12',0,'',NULL,1,0),(1461,11,'imorgen','',NULL,'','2019-12-19',0,'','2019-09-20',1,1),(1481,11,'kamme','',NULL,'','2019-12-23',0,'','2019-09-24',1,1),(1491,11,'kan','',NULL,'','2019-12-25',40,'','2019-10-06',1,2),(1501,11,'kahnænde','',NULL,'','2019-09-12',0,'',NULL,1,0),(1511,11,'kender','',NULL,'','2019-09-12',0,'',NULL,1,0),(1521,11,'kirke','',NULL,'','2020-01-04',45,'','2019-10-06',1,2),(1531,11,'klokken','',NULL,'','2019-12-19',0,'','2019-09-20',1,1),(1541,11,'kommer','',NULL,'','2019-12-19',0,'','2019-09-20',1,1),(1551,11,'krig','',NULL,'','2019-12-19',0,'','2019-09-20',1,1),(1561,11,'landejendom','',NULL,'','2019-11-19',0,'','2019-09-24',1,1),(1571,11,'landskab','',NULL,'','2019-11-13',0,'','2019-09-24',1,1),(1581,11,'ligger','',NULL,'','2019-12-19',0,'','2019-09-20',1,1),(1591,11,'lykke','',NULL,'','2019-10-13',0,'','2019-10-13',1,2),(1611,11,'solen','',NULL,'','2019-12-19',0,'','2019-09-20',1,1),(1621,11,'solskinvejr','',NULL,'','2019-12-19',0,'','2019-09-20',1,1),(1631,11,'maa','',NULL,'','2019-10-13',0,'','2019-10-13',1,1),(1641,11,'mange','',NULL,'','2019-12-19',0,'','2019-09-20',1,1),(1651,11,'magt','',NULL,'','2019-12-15',35,'','2019-10-06',1,2),(1671,11,'med','',NULL,'','2019-12-19',0,'','2019-09-20',1,1),(1681,11,'met','',NULL,'','2019-12-13',0,'','2019-09-24',1,1),(1691,11,'menneske','',NULL,'','2019-12-19',0,'','2019-09-20',1,1),(1701,11,'midten','',NULL,'','2020-01-04',90,'','2019-10-06',1,1),(1711,11,'navn','',NULL,'','2019-12-23',0,'','2019-09-24',1,1),(1721,11,'nogen','',NULL,'','2019-09-30',0,'','2019-09-24',1,1),(1731,11,'Norge','',NULL,'','2019-12-19',0,'','2019-09-20',1,1),(1741,11,'nok','',NULL,'','2019-10-13',0,'','2019-10-13',1,1),(1751,11,'når','',NULL,'','2019-09-12',0,'',NULL,1,0),(1761,11,'of','',NULL,'','2020-01-04',90,'','2019-10-06',1,1),(1771,11,'og','',NULL,'','2019-12-19',0,'','2019-09-20',1,1),(1791,11,'ovenpå','',NULL,'','2019-11-08',0,'','2019-09-24',1,1),(1801,11,'over','',NULL,'','2019-12-19',0,'','2019-09-20',1,1),(1811,11,'presten','',NULL,'','2019-12-19',0,'','2019-09-20',1,1),(1821,11,'regn','',NULL,'','2019-12-19',0,'','2019-09-20',1,1),(1831,11,'resjen','',NULL,'','2019-12-19',0,'','2019-09-20',1,1),(1841,11,'rigtig','',NULL,'','2019-12-19',0,'','2019-09-20',1,1),(1851,11,'rommelig','',NULL,'','2019-12-19',0,'','2019-09-20',1,1),(1861,11,'sang','',NULL,'','2019-10-28',5,'','2019-10-23',1,1),(1871,11,'se','',NULL,'','2019-10-13',0,'','2019-10-13',1,1),(1891,11,'sige','',NULL,'','2019-12-19',0,'','2019-09-20',1,1),(1901,11,'siger','',NULL,'','2019-12-19',0,'','2019-09-20',1,1),(1911,11,'skal','',NULL,'','2019-09-12',0,'',NULL,1,0),(1921,11,'skrøbelig','',NULL,'','2019-12-19',0,'','2019-09-20',1,1),(1931,11,'slog','',NULL,'','2019-12-19',0,'','2019-09-20',1,1),(1941,11,'stav','',NULL,'','2019-12-19',0,'','2019-09-20',1,1),(1961,11,'stjerne','',NULL,'','2019-12-19',0,'','2019-09-20',1,1),(1971,11,'stue','',NULL,'','2019-12-24',90,'','2019-09-25',1,1),(1981,11,'som','',NULL,'','2019-10-13',0,'','2019-10-13',1,1),(1991,11,'swagt','',NULL,'','2020-01-04',45,'','2019-10-06',1,2),(2001,11,'tingen','',NULL,'','2019-12-19',0,'','2019-09-20',1,1),(2011,11,'to','',NULL,'','2020-01-04',45,'','2019-10-06',1,2),(2021,11,'toneløst','',NULL,'','2019-12-19',0,'','2019-09-20',1,1),(2031,11,'tror','',NULL,'','2019-12-23',0,'','2019-09-24',1,1),(2041,11,'unge','',NULL,'','2019-12-23',0,'','2019-09-24',1,1),(2051,11,'vej','',NULL,'','2019-12-23',0,'','2019-09-24',1,1),(2061,11,'vest','',NULL,'','2019-12-19',0,'','2019-09-20',1,1),(2071,11,'vilde','',NULL,'','2019-12-05',60,'','2019-10-06',1,1),(2081,11,'vår','',NULL,'','2019-10-13',0,'','2019-10-13',1,1),(2091,11,'væg','',NULL,'','2019-09-15',0,'',NULL,1,0),(2101,11,'øjeblick','',NULL,'','2019-12-19',0,'','2019-09-20',1,1),(2111,4,'шаг','shag',NULL,'','2019-12-19',0,'','2019-09-20',1,1),(2121,4,'узнал','Uznal',NULL,'','2019-10-31',0,'','2019-09-22',1,2),(2151,4,'через','chErez',NULL,'','2019-12-19',0,'','2019-09-20',1,1),(2161,4,'расскажу','',NULL,'','2019-11-06',0,'','2019-09-22',1,2),(2171,4,'же','',NULL,'','2019-09-20',0,'','2019-09-20',1,1),(2181,4,'пор','',NULL,'','2019-09-20',0,'','2019-09-20',1,1),(2191,4,'царь','',NULL,'','2019-12-19',0,'','2019-09-20',1,1),(2201,4,'берег','',NULL,'','2019-09-20',0,'','2019-09-20',1,1),(2211,4,'дочь','',NULL,'','2019-12-05',20.5,'','2019-10-06',1,3),(2221,4,'мальчик','',NULL,'','2019-12-19',0,'','2019-09-20',1,1),(2231,4,'ребёнка','',NULL,'','2019-12-19',0,'','2019-09-20',1,1),(2241,4,'них','',NULL,'','2019-10-17',0,'','2019-09-24',1,2),(2251,4,'моря','',NULL,'','2019-11-06',0,'','2019-09-22',1,2),(2261,4,'небо','',NULL,'','2019-09-20',0,'','2019-09-20',1,1),(2271,4,'сила','',NULL,'','2019-09-28',1.5,'','2019-09-25',1,2),(2281,4,'собой','',NULL,'','2019-09-26',0.5,'','2019-09-25',1,2),(2291,4,'иногда','',NULL,'','2019-09-28',1.5,'','2019-09-25',1,2),(2301,4,'жижзнь','',NULL,'','2019-12-19',0,'','2019-09-20',1,1),(2311,4,'горы','',NULL,'','2019-10-07',0,'','2019-09-24',1,2),(2321,4,'змля','',NULL,'','2019-12-07',45,'','2019-10-23',1,1),(2331,4,'тогда','',NULL,'','2020-01-14',50,'','2019-10-06',1,2),(2341,4,'обладал','',NULL,'','2019-09-22',0,'','2019-09-20',1,1),(2351,4,'вначале','',NULL,'','2019-11-07',8.33333,'','2019-10-13',1,3),(2361,4,'только','',NULL,'','2019-10-13',0,'','2019-10-13',1,2),(2371,4,'сначала','',NULL,'','2019-10-21',5,'','2019-10-06',1,3),(2381,4,'властвовал','',NULL,'','2019-09-20',0,'','2019-09-20',1,1),(2391,4,'стихиями','',NULL,'','2019-10-17',0,'','2019-09-24',1,2),(2401,4,'возглавлять','',NULL,'','2019-09-20',0,'','2019-09-20',1,1),(2411,4,'всемогущий','',NULL,'','2019-11-06',0,'','2019-09-22',1,2),(2421,4,'появилась','',NULL,'','2019-09-20',0,'','2019-09-20',1,1),(2431,4,'озарился','',NULL,'','2019-09-20',0,'','2019-09-20',1,1),(2441,4,'началась','',NULL,'','2019-09-20',0,'','2019-09-20',1,1),(2451,4,'ревновала','',NULL,'','2019-09-20',0,'','2019-09-20',1,1),(2461,5,'beeilen','',NULL,'','2019-09-22',0,'',NULL,2,0),(2471,5,'Verschwörung','',NULL,'','2019-09-22',0,'',NULL,3,0),(2481,5,'foo','','2019-09-22','','2019-09-22',0,'',NULL,3,0),(2491,11,'falder','','2019-09-24','','2019-09-24',0,'',NULL,0,0),(2511,11,'teppet','','2019-09-24','','2019-09-24',0,'',NULL,3,0),(2521,11,'råder','','2019-09-24','','2019-09-24',0,'',NULL,2,0),(2531,11,'Verbreitung','','2019-09-24','','2019-09-24',0,'',NULL,4,0),(2541,11,'endelig','','2019-09-24','','2020-01-04',90,'','2019-10-06',5,1),(2551,11,'kong','','2019-09-24','','2021-01-18',470,'','2019-10-06',3,1),(2561,11,'kongsmoder','','2019-09-24','','2020-01-04',90,'','2019-10-06',3,1),(2571,11,'breve','','2019-09-24','','2019-10-13',0,'','2019-10-13',3,1),(2581,11,'dronning','','2019-09-24','','2019-09-24',0,'',NULL,3,0),(2591,11,'sysselmand','','2019-09-24','','2019-09-24',0,'',NULL,3,0),(2601,11,'dræber','','2019-09-24','','2019-10-13',0,'','2019-10-13',2,1),(2611,11,'gjort','','2019-09-24','','2019-09-24',0,'',NULL,5,0),(2621,11,'bort','','2019-09-24','','2019-09-24',0,'',NULL,5,0),(2631,11,'gøre','','2019-09-24','','2019-10-13',0,'','2019-10-13',2,1),(2641,11,'kære','','2019-09-24','','2020-01-04',90,'','2019-10-06',4,1),(2651,11,'efter','','2019-09-24','','2020-01-04',90,'','2019-10-06',4,1),(2661,11,'tanefuld','','2019-09-24','','2019-10-26',20,'','2019-10-06',4,1),(2671,11,'tårefyldte','','2019-09-24','','2020-01-04',90,'','2019-10-06',4,1),(2681,11,'sømmelig','','2019-09-24','','2019-09-24',0,'',NULL,4,0),(2691,11,'eder','','2019-09-24','','2019-10-13',0,'','2019-10-13',6,4),(2701,11,'måtte','','2019-09-24','','2019-10-13',0,'','2019-10-13',2,1),(2711,11,'kun','','2019-09-24','','2019-10-13',0,'','2019-10-13',5,1),(2721,11,'lyd','','2019-09-24','','2019-10-13',0,'','2019-10-13',3,1),(2731,11,'segl','','2019-09-24','','2019-10-31',8,'','2019-10-23',3,1),(2751,11,'talte','','2019-09-24','','2019-09-24',0,'',NULL,2,0),(2761,11,'tænk','','2019-09-24','','2019-12-25',80,'','2019-10-06',2,1),(2771,11,'urolig','','2019-09-24','','2020-01-21',90,'','2019-10-23',4,1),(2781,11,'hvem','','2019-09-24','','2019-09-24',0,'',NULL,6,0),(2791,11,'om','','2019-09-24','','2020-01-04',90,'','2019-10-06',6,1),(2801,11,'ulv','','2019-09-24','','2019-10-28',5,'','2019-10-23',3,1),(2811,11,'hvor','','2019-09-24','','2019-10-13',0,'','2019-10-13',5,1),(2821,11,'bede','','2019-09-24','','2019-10-13',0,'','2019-10-13',2,1),(2831,11,'damp','','2019-09-24','','2021-08-06',670,'','2019-10-06',3,1),(2841,11,'båden','','2019-09-24','','2019-10-13',0,'','2019-10-13',3,1),(2851,11,'evighed','','2019-09-24','','2020-01-04',90,'','2019-10-06',3,1),(2871,11,'opvokset','','2019-09-24','','2019-10-13',0,'','2019-10-13',2,1),(2881,11,'skulde','','2019-09-24','','2020-01-04',90,'','2019-10-06',2,1),(2891,11,'flytte','','2019-09-24','','2019-09-24',0,'',NULL,2,0),(2911,11,'tidtnok','','2019-09-24','','2019-09-24',0,'',NULL,4,0),(2921,11,'år','','2019-09-24','','2019-12-30',78,'','2019-10-13',3,1),(2931,11,'enslig','','2019-09-24','','2019-11-05',30,'','2019-10-06',4,1),(2941,11,'enkemand','','2019-09-24','','2020-01-04',90,'','2019-10-06',3,1),(2951,11,'hvorfor','','2019-09-24','','2019-09-24',0,'',NULL,3,0),(2961,11,'nu','','2019-09-24','','2019-10-28',5,'','2019-10-23',5,1),(2971,11,'nyt','','2019-09-24','','2019-10-13',0,'','2019-10-13',5,1),(2981,11,'godt','','2019-09-24','','2019-12-17',72,'','2019-10-06',5,1),(2991,11,'sjo','','2019-09-24','','2020-01-21',45,'','2019-10-23',3,2),(3001,11,'matroser','','2019-09-24','','2020-01-04',90,'','2019-10-06',3,1),(3021,11,'svært','','2019-09-24','','2019-10-13',0,'','2019-10-13',4,1),(3031,11,'skibet','','2019-09-24','','2020-01-04',90,'','2019-10-06',3,1),(3041,11,'vejr','','2019-09-24','','2020-01-04',90,'','2019-10-06',3,1),(3051,11,'reg','','2019-09-24','','2019-09-24',0,'',NULL,3,0),(3061,11,'uvejr','','2019-09-24','','2020-01-04',90,'','2019-10-06',3,1),(3071,11,'fortrædeligt','','2019-09-24','','2019-10-13',0,'','2019-10-13',4,1),(3081,11,'velsignet','','2019-09-24','','2019-09-24',0,'',NULL,4,0),(3091,11,'følger','','2019-09-24','','2020-01-04',90,'','2019-10-06',2,1),(3101,11,'byfolk','','2019-09-24','','2020-01-04',90,'','2019-10-06',3,1),(3111,11,'sten','','2019-09-24','','2020-01-21',90,'','2019-10-23',3,1),(3121,11,'senere','','2019-09-24','','2019-10-13',0,'','2019-10-13',5,1),(3131,11,'færdig','','2019-09-24','','2019-12-18',56,'','2019-10-23',5,1),(3141,11,'sjæl','','2019-09-24','','2020-02-03',120,'','2019-10-06',3,1),(3151,11,'godnat','','2019-09-24','','2020-01-04',90,'','2019-10-06',3,1),(3161,11,'evigt','','2019-09-24','','2020-01-04',90,'','2019-10-06',4,1),(3171,11,'sejr','','2019-09-24','','2019-09-24',0,'',NULL,3,0),(3181,11,'selv','','2019-10-09','','2019-10-09',0,'',NULL,0,0),(3191,11,'bedste','','2019-10-09','','2019-10-13',0,'','2019-10-13',5,1),(3201,11,'sidste','','2019-10-09','','2019-10-13',0,'','2019-10-13',4,1),(3221,11,'slår','','2019-10-09','','2019-10-09',0,'',NULL,3,0),(3241,11,'fred','','2019-10-09','','2019-10-09',0,'',NULL,3,0),(3251,11,'venskab','','2019-10-09','','2019-10-09',0,'',NULL,3,0),(3261,11,'øllet','','2019-10-09','','2019-10-09',0,'',NULL,3,0),(3271,11,'sidder','','2019-10-09','','2019-10-27',2,'','2019-10-23',2,2),(3281,11,'forligte','','2019-10-09','','2019-10-09',0,'',NULL,2,0),(3291,11,'lad','','2019-10-09','','2019-10-13',0,'','2019-10-13',2,1),(3301,11,'pligter','','2019-10-09','','2019-10-23',0,'','2019-10-23',3,2),(3311,11,'også','','2019-10-09','','2020-01-21',45,'','2019-10-23',1,2),(3321,11,'svoret','','2019-10-09','','2019-10-13',0,'','2019-10-13',2,1),(3341,11,'gange','','2019-10-09','','2019-10-13',0,'','2019-10-13',1,1),(3351,11,'beredt','','2019-10-09','','2019-10-09',0,'',NULL,1,0),(3361,11,'sejl','','2019-10-09','','2019-10-13',0,'','2019-10-13',3,1),(3371,11,'står','','2019-10-09','','2019-10-09',0,'',NULL,2,0),(3381,11,'nogle','','2019-10-09','','2019-10-09',0,'',NULL,4,0),(3401,11,'anden','','2019-10-13','','2020-01-21',45,'','2019-10-23',3,2),(3411,11,'sæder','','2019-10-13','','2019-10-13',0,'','2019-10-13',3,1),(3421,11,'forhøjning','','2019-10-13','','2019-10-13',0,'','2019-10-13',3,1),(3441,11,'bægre','','2019-10-13','','2019-10-13',0,'','2019-10-13',3,1),(3451,11,'optrin','','2019-10-13','','2019-10-13',0,'',NULL,3,0),(3461,11,'spurgt','','2019-10-13','','2019-10-23',0,'','2019-10-23',2,1),(3471,11,'bryllup','','2019-10-13','','2019-10-13',0,'',NULL,3,0),(3481,11,'mægtig','','2019-10-13','','2019-12-29',33.5,'','2019-10-23',4,2),(3491,11,'stærke','','2019-10-13','','2020-01-21',45,'','2019-10-23',4,2),(3501,11,'snakker','','2019-10-13','','2019-10-13',0,'','2019-10-13',3,1),(3511,11,'være','','2019-10-13','','2019-10-13',0,'',NULL,2,0),(3521,11,'svigtede','','2019-10-13','','2019-10-13',0,'','2019-10-13',2,1),(3531,11,'vitterligt','','2019-10-13','','2019-10-13',0,'',NULL,5,0),(3541,11,'dog','','2019-10-13','','2019-10-28',2.5,'','2019-10-23',5,2),(3551,11,'havde','','2019-10-13','','2019-10-13',0,'',NULL,2,0),(3571,11,'nevø','','2019-10-13','','2019-10-13',0,'',NULL,3,0),(3581,11,'uforandret','','2019-10-13','','2019-10-13',0,'','2019-10-13',4,1),(3591,11,'sikre','','2019-10-13','','2019-10-13',0,'','2019-10-13',2,1),(3601,11,'klogt','','2019-10-13','','2020-01-21',90,'','2019-10-23',4,1),(3611,11,'frisk','','2019-10-13','','2020-01-21',90,'','2019-10-23',4,1),(3621,11,'livet','','2019-10-13','','2019-10-13',0,'','2019-10-13',3,1),(3631,11,'vidste','','2019-10-13','','2019-10-13',0,'','2019-10-13',2,1),(3641,11,'arv','','2019-10-13','','2019-10-13',0,'','2019-10-13',3,2),(3651,11,'brygge','','2019-10-13','','2019-10-13',0,'','2019-10-13',2,1),(3661,11,'sværdet','','2019-10-13','','2020-01-21',90,'','2019-10-23',3,1),(3671,11,'rådgiver','','2019-10-13','','2019-12-29',67,'','2019-10-23',3,1),(3681,11,'pludselig','','2019-10-13','','2020-01-21',90,'','2019-10-23',5,1),(3691,11,'vågner','','2019-10-13','','2019-11-07',25,'','2019-10-13',2,1),(3701,11,'fulgte','','2019-10-13','','2020-01-21',45,'','2019-10-23',2,2),(3711,11,'fader','','2019-10-13','','2020-01-21',45,'','2019-10-23',3,2),(3721,11,'undtagen','','2019-10-13','','2019-10-13',0,'',NULL,5,0),(3731,11,'drømme','','2019-10-13','','2019-10-28',2.5,'','2019-10-23',3,2),(3741,11,'fuld','','2019-10-13','','2020-01-20',89,'','2019-10-23',3,1),(3751,11,'smerte','','2019-10-13','','2019-10-13',0,'','2019-10-13',3,1),(3761,11,'afgrunden','','2019-10-13','','2020-01-21',45,'','2019-10-23',3,2),(3771,11,'skuld','','2019-10-13','','2020-01-21',90,'','2019-10-23',2,1),(3781,11,'trods','','2019-10-13','','2019-12-29',67,'','2019-10-23',5,1),(3791,11,'virkelig','','2019-10-13','','2020-01-21',45,'','2019-10-23',5,2),(3801,11,'straffe','','2019-10-13','','2019-10-18',5,'','2019-10-13',2,1),(3811,11,'hus','','2019-10-13','','2020-01-21',45,'','2019-10-23',3,2),(3821,11,'gått','','2019-10-13','','2019-10-13',0,'','2019-10-13',2,1),(3831,11,'siden','','2019-10-13','','2019-10-26',3,'','2019-10-23',5,1),(3841,4,'узник','','2019-10-13','','2019-10-13',0,'',NULL,0,0),(3851,4,'остался','ostalsya','2019-10-13','','2019-10-13',0,'',NULL,0,0),(3861,4,'гордились','','2019-10-13','','2019-10-13',0,'',NULL,0,0),(3871,4,'хранили','','2019-10-13','','2019-10-13',0,'',NULL,0,0),(3881,4,'шесть','','2019-10-13','','2019-10-13',0,'',NULL,0,0),(3891,4,'отцом','','2019-10-13','','2019-10-13',0,'',NULL,0,0),(3901,4,'однахды','','2019-10-13','','2019-10-13',0,'',NULL,0,0),(3911,4,'детей','','2019-10-13','','2019-10-13',0,'',NULL,0,0),(3921,4,'трон','','2019-10-13','','2019-10-13',0,'',NULL,0,0),(3931,4,'запер','','2019-10-13','','2019-10-13',0,'',NULL,0,0),(3941,4,'земли','','2019-10-13','','2019-10-13',0,'новая земли','2019-10-13',0,1),(3951,4,'недрох','','2019-10-13','','2019-10-13',0,'',NULL,0,0),(3961,4,'власть','','2019-10-13','','2019-10-13',0,'',NULL,0,0),(3971,4,'проклял','','2019-10-13','','2019-10-13',0,'',NULL,0,0),(3981,4,'предсказав','','2019-10-13','','2019-10-13',0,'',NULL,0,0),(3991,4,'полубога','','2019-10-13','','2019-10-13',0,'',NULL,0,0),(4001,4,'нашла','','2019-10-13','','2019-10-13',0,'',NULL,0,0),(4011,4,'послал','','2019-10-13','','2019-10-13',0,'',NULL,0,0),(4021,4,'ветер','','2019-10-13','','2019-10-13',0,'',NULL,0,0),(4041,4,'горои','','2019-10-13','','2019-10-13',0,'',NULL,0,0),(4051,31,'från','','2019-10-23','','2019-10-23',0,'',NULL,6,0),(4071,31,'och','','2019-10-23','','2019-10-23',0,'',NULL,1,0),(4081,31,'fangen','','2019-10-23','','2019-10-23',0,'',NULL,3,0),(4091,5,'irren','','2019-10-23','','2019-10-23',0,'',NULL,2,0),(4111,5,'zögern','','2019-10-23','','2019-10-23',0,'',NULL,2,0),(4121,5,'verfallen','','2019-10-23','','2019-10-23',0,'',NULL,2,0),(4131,5,'verrammeln','','2019-10-23','','2019-10-23',0,'',NULL,2,0),(4141,5,'stöbern','','2019-10-23','','2019-10-23',0,'',NULL,2,0),(4151,5,'austrinken','','2019-10-23','','2019-10-23',0,'',NULL,2,0),(4161,5,'anbohren','','2019-10-23','','2019-10-23',0,'',NULL,2,0),(4171,5,'Versehen','','2019-10-23','','2019-10-23',0,'',NULL,2,0),(4181,5,'verzichten','','2019-10-23','','2019-10-23',0,'',NULL,2,0),(4191,5,'versorgen','','2019-10-23','','2019-10-23',0,'',NULL,2,0),(4201,5,'verschwimmen','','2019-10-23','','2019-10-23',0,'',NULL,2,0),(4211,5,'würfeln','','2019-10-23','','2019-10-23',0,'',NULL,2,0),(4231,5,'verzogen','','2019-10-23','','2019-10-23',0,'',NULL,2,0),(4241,5,'schnitzen','','2019-10-23','','2019-10-23',0,'',NULL,2,0),(4251,5,'vorkommen','','2019-10-23','','2019-10-23',0,'',NULL,2,0),(4261,5,'riechen','','2019-10-23','','2019-10-23',0,'',NULL,2,0),(4271,5,'befördern','','2019-10-23','','2019-10-23',0,'',NULL,2,0),(4281,5,'reiten','','2019-10-23','','2019-10-23',0,'',NULL,2,0),(4291,5,'ernährten','','2019-10-23','','2019-10-23',0,'',NULL,2,0),(4301,5,'Schornstein','','2019-10-23','','2019-10-23',0,'',NULL,3,0),(4311,5,'Raubtier','','2019-10-23','','2019-10-23',0,'',NULL,3,0),(4321,5,'Bargeld','','2019-10-23','','2019-10-23',0,'',NULL,3,0),(4331,5,'Tüte','','2019-10-23','','2019-10-23',0,'',NULL,3,0),(4341,5,'Strohhalm','','2019-10-23','','2019-10-23',0,'',NULL,3,0),(4351,5,'Vorschriften','','2019-10-23','','2019-10-23',0,'',NULL,3,0),(4361,5,'Luftzug','','2019-10-23','','2019-10-23',0,'',NULL,3,0),(4371,5,'Geruch','','2019-10-23','','2019-10-23',0,'',NULL,3,0),(4381,5,'Moder','','2019-10-23','','2019-10-23',0,'',NULL,3,0),(4391,5,'Ziege','','2019-10-23','','2019-10-23',0,'',NULL,3,0),(4401,5,' Stall','','2019-10-23','','2019-10-23',0,'',NULL,3,0),(4411,5,'','','2019-10-23','','2019-10-23',0,'',NULL,3,0),(4421,5,'Gestalt','','2019-10-23','','2019-10-23',0,'',NULL,3,0),(4431,5,'Pfau','','2019-10-23','','2019-10-23',0,'',NULL,3,0),(4441,5,'Enkelkind','','2019-10-23','','2019-10-23',0,'',NULL,3,0),(4451,5,'Hellseher','','2019-10-23','','2019-10-23',0,'',NULL,3,0),(4461,5,'Verdächtigung','','2019-10-23','','2019-10-23',0,'',NULL,3,0),(4471,5,'Schmetterling','','2019-10-23','','2019-10-23',0,'',NULL,3,0),(4481,5,'Sehnsucht','','2019-10-23','','2019-10-23',0,'',NULL,3,0),(4491,5,'fassungslos','','2019-10-23','','2019-10-23',0,'',NULL,4,0),(4521,5,'Wesen','','2019-10-23','','2019-10-23',0,'',NULL,3,0),(4531,5,'Fahrstuhl','','2019-10-23','','2019-10-23',0,'',NULL,3,0),(4541,5,'Angelegenheit','','2019-10-23','','2019-10-23',0,'',NULL,3,0),(4551,5,'Nichte','','2019-10-23','','2019-10-23',0,'',NULL,3,0),(4561,5,'Winkel','','2019-10-23','','2019-10-23',0,'',NULL,3,0),(4571,5,'einerlei','','2019-10-23','','2019-10-23',0,'',NULL,1,0),(4581,5,'Versuch','','2019-10-23','','2019-10-23',0,'',NULL,3,0),(4591,5,'Schacht','','2019-10-23','','2019-10-23',0,'',NULL,3,0),(4601,5,'Fäulnis','','2019-10-23','','2019-10-23',0,'',NULL,3,0),(4611,5,'Kastanienbaum','','2019-10-23','','2019-10-23',0,'',NULL,3,0),(4621,5,'Schramme','','2019-10-23','','2019-10-23',0,'',NULL,3,0),(4631,5,'Stirn','','2019-10-23','','2019-10-23',0,'',NULL,3,0);
/*!40000 ALTER TABLE `words` ENABLE KEYS */;
UNLOCK TABLES;
/*!40103 SET TIME_ZONE=@OLD_TIME_ZONE */;

/*!40101 SET SQL_MODE=@OLD_SQL_MODE */;
/*!40014 SET FOREIGN_KEY_CHECKS=@OLD_FOREIGN_KEY_CHECKS */;
/*!40014 SET UNIQUE_CHECKS=@OLD_UNIQUE_CHECKS */;
/*!40101 SET CHARACTER_SET_CLIENT=@OLD_CHARACTER_SET_CLIENT */;
/*!40101 SET CHARACTER_SET_RESULTS=@OLD_CHARACTER_SET_RESULTS */;
/*!40101 SET COLLATION_CONNECTION=@OLD_COLLATION_CONNECTION */;
/*!40111 SET SQL_NOTES=@OLD_SQL_NOTES */;

-- Dump completed on 2019-10-23  8:44:28
