-- MySQL dump 10.13  Distrib 5.7.12, for Win64 (x86_64)
--
-- Host: eu-cdbr-west-02.cleardb.net    Database: heroku_c7e4aa29469d679
-- ------------------------------------------------------
-- Server version	5.6.44-log

/*!40101 SET @OLD_CHARACTER_SET_CLIENT=@@CHARACTER_SET_CLIENT */;
/*!40101 SET @OLD_CHARACTER_SET_RESULTS=@@CHARACTER_SET_RESULTS */;
/*!40101 SET @OLD_COLLATION_CONNECTION=@@COLLATION_CONNECTION */;
/*!40101 SET NAMES utf8 */;
/*!40103 SET @OLD_TIME_ZONE=@@TIME_ZONE */;
/*!40103 SET TIME_ZONE='+00:00' */;
/*!40014 SET @OLD_UNIQUE_CHECKS=@@UNIQUE_CHECKS, UNIQUE_CHECKS=0 */;
/*!40014 SET @OLD_FOREIGN_KEY_CHECKS=@@FOREIGN_KEY_CHECKS, FOREIGN_KEY_CHECKS=0 */;
/*!40101 SET @OLD_SQL_MODE=@@SQL_MODE, SQL_MODE='NO_AUTO_VALUE_ON_ZERO' */;
/*!40111 SET @OLD_SQL_NOTES=@@SQL_NOTES, SQL_NOTES=0 */;

--
-- Table structure for table `book_chapters`
--

DROP TABLE IF EXISTS `book_chapters`;
/*!40101 SET @saved_cs_client     = @@character_set_client */;
/*!40101 SET character_set_client = utf8 */;
CREATE TABLE `book_chapters` (
  `boc_id` int(10) unsigned NOT NULL AUTO_INCREMENT,
  `boc_book_id` int(10) unsigned NOT NULL,
  `boc_title` varchar(45) NOT NULL,
  PRIMARY KEY (`boc_id`)
) ENGINE=InnoDB AUTO_INCREMENT=192 DEFAULT CHARSET=utf8;
/*!40101 SET character_set_client = @saved_cs_client */;

--
-- Dumping data for table `book_chapters`
--

LOCK TABLES `book_chapters` WRITE;
/*!40000 ALTER TABLE `book_chapters` DISABLE KEYS */;
INSERT INTO `book_chapters` VALUES (1,1,'I'),(11,1,'II'),(21,1,'III'),(31,1,'IV'),(41,1,'V'),(121,1,'VI'),(131,1,'VII'),(141,1,'VIII'),(151,1,'IX'),(161,1,'X'),(171,1,'XI'),(181,1,'XII'),(191,1,'1');
/*!40000 ALTER TABLE `book_chapters` ENABLE KEYS */;
UNLOCK TABLES;

--
-- Table structure for table `book_contents`
--

DROP TABLE IF EXISTS `book_contents`;
/*!40101 SET @saved_cs_client     = @@character_set_client */;
/*!40101 SET character_set_client = utf8 */;
CREATE TABLE `book_contents` (
  `bcn_id` int(10) unsigned NOT NULL AUTO_INCREMENT,
  `bcn_chapter_id` varchar(45) NOT NULL,
  `bcn_content` longtext,
  PRIMARY KEY (`bcn_id`)
) ENGINE=InnoDB AUTO_INCREMENT=302 DEFAULT CHARSET=utf8;
/*!40101 SET character_set_client = @saved_cs_client */;

--
-- Dumping data for table `book_contents`
--

LOCK TABLES `book_contents` WRITE;
/*!40000 ALTER TABLE `book_contents` DISABLE KEYS */;
INSERT INTO `book_contents` VALUES (1,'1','Жил сапожник с женой и детьми у мужика на квартире. Ни дома своего, ни земли у него не было, и кормился он с семьею сапожной работой. Хлеб был дорогой, а работа дешевая, и что заработает, то и проест. Была у сапожника одна шуба с женой, да и та износилась в лохмотья; и второй год собирался сапожник купить овчин на новую шубу.'),(11,'1','Потужил сапожник, выпил на все двадцать копеек водки и пошел домой без шубы, С утра сапожнику морозно показалось, а выпивши - тепло было и без шубы. Идет сапожник дорогой, одной рукой палочкой по мерзлым калмыжкам постукивает, а другой рукой сапогами валеными помахивает, сам с собой разговаривает.'),(21,'1','Подошел ближе - совсем видно стало. Что за чудо: точно, человек, живой ли, мертвый, голышом сидит, прислонен к часовне и не шевелится. Страшно стало сапожнику; думает себе: “Убили какие-нибудь человека, раздели, да и бросили тут. Подойди только, и не разделаешься потом”.'),(31,'2','Подходит Семен к человеку, разглядывает его и видит: человек молодой, в силе, не видать на теле побоев, только видно - измерз человек и напуган; сидит, прислонясь, и не глядит на Семена, будто ослаб, глаз поднять не может. Подошел Семен вплоть, и вдруг как будто очнулся человек, повернул голову, открыл глаза и взглянул на Семена. И с этого взгляда полюбился человек Семену. Бросил он наземь валенки, распоясался, положил подпояску на валенки, скинул кафтан.'),(41,'2','- Так-то, брат. Ну-ка, разминайся да согревайся. А эти дела все без нас разберут. Идти можешь?'),(51,'3',' Дров нарубила, воды принесла, ребят накормила, сама закусила и задумалась; задумалась, когда хлебы ставить: нынче или завтра? Краюшка большая осталась.'),(61,'3','Насупилась Матрена, отошла к печи, глядит, что от них будет.'),(71,'3','- Эх, Матрена, подержи язык-то. Прежде послушай, что говорят...'),(81,'4','Остановилась Матрена и говорит:'),(91,'4','- Нельзя мне сказать.'),(101,'5','Наутро проснулся Семен. Дети спят, жена пошла к соседям хлеба занимать. Один вчерашний странник в старых портках и рубахе на лавке сидит, вверх смотрит. И лицо у него против вчерашнего светлее.'),(111,'5','Посмотрел Михаила, надел также на пальцы, тотчас перенял, сделал конец.'),(121,'6','День ко дню, неделя к неделе, вскружился и год. Живет Михаила по-прежнему у Семена, работает. И прошла про Семенова работника слава, что никто так чисто и крепко сапог не сошьет, как Семенов работник Михаила, и стали из округи к Семену за сапогами ездить, и стал у Семена достаток прибавляться.'),(131,'6','- То-то хороший! Ты, дурак, еще не видал товару такого. Товар немецкий, двадцать рублей плачен.'),(141,'6','- Смотри, в голенище не обузь.'),(151,'7','И говорит Семен Михаиле:'),(161,'7','сшил без подошвы, товар испортил. Как я теперь разделаюсь с барином? Товару такого не найдешь”.'),(171,'8','Прошел и еще год, и два, и живет Михаила уже шестой год у Семена. Живет по-прежнему. Никуда не ходит, лишнего не говорит и во все время только два раза улыбнулся: один раз, когда баба ему ужинать собрала, другой раз на барина. Не нарадуется Семен на своего работника. И не спрашивает его больше, откуда он; только одного боится, чтоб не ушел от него Михаила.'),(181,'8','И удивился Семен. То никогда не глядит на улицу Михаила, а теперь припал к окну, глядит на что-то. Поглядел и Семен в окно; видит - вправду идет женщина к его двору, одета чисто, ведет за ручки двух девочек в шубках, в платочках в ковровых. Девочки одна в одну, разузнать нельзя. Только у одной левая ножка попорчена - идет, припадает.'),(191,'8','Оглянулся Семен на Михаилу и видит: Михаила работу бросил, сидит, глаз не сводит с девочек.'),(201,'9','Разговорилась женщина и стала рассказывать.'),(211,'9','- Видно, пословица не мимо молвится: без отца, матери проживут, а без Бога не проживут.'),(221,'9','- Скажи мне, Михаила, за что Бог наказал тебя и какие те слова Бога, чтобы мне знать. И сказал Михаила:'),(231,'11','И поняли Семен с Матреной, кого они одели и накормили и кто жил с ними, и заплакали они от страха и радости.'),(241,'11','Увидал меня человек, нахмурился, стал еще страшнее и прошел мимо. И отчаялся я. Вдруг слышу, идет назад человек. Взглянул я и не узнал прежнего человека: то в лице его была смерть, а теперь вдруг стал живой, и в лице его я узнал Бога. Подошел он ко мне, одел меня, взял с собой и повел к себе в дом. Пришел я в его дом, вышла нам навстречу женщина и стала говорить.'),(251,'11','Стал я жить у вас и прожил год. И приехал человек заказывать сапоги такие, чтобы год носились, не поролись, не кривились. Я взглянул на него и вдруг за плечами его увидал товарища своего, смертного ангела. Никто, кроме меня, не видал этого ангела, но я знал его и знал, что не зайдет еще солнце, как возьмется душа богача. И подумал я: “Припасает себе человек на год, а не знает, что не будет жив до вечера”. И вспомнил я другое слово Бога: “Узнаешь, чего не дано людям”.'),(261,'11','Что есть в людях, я уже знал. Теперь я узнал, чего не дано людям. Не дано людям знать, чего им для своего тела нужно. И улыбнулся я в другой раз. Обрадовался я тому, что увидал товарища ангела, и тому, что Бог мне другое слово открыл.'),(271,'11',' И на шестом году пришли девочки-двойни с женщиной, и узнал я девочек, и узнал, как остались живы девочки эти. Узнал и подумал: “Просила мать за детей, и поверил я матери, - думал, что без отца, матери нельзя прожить детям, а чужая женщина вскормила, взрастила их”. И когда умилилась женщина на чужих детей и заплакала, я в ней увидал живого Бога и понял, чем люди живы. И узнал, что Бог открыл мне последнее слово и простил меня, и улыбнулся я в третий раз.'),(281,'12','И обнажилось тело ангела, и оделся он весь светом, так что глазу нельзя смотреть на него; и заговорил он громче, как будто не из него, а с неба шел его голос. И сказал ангел:'),(291,'12','- Узнал я, что жив всякий человек не заботой о себе, а любовью.'),(301,'12','Не дано было знать матери, чего ее детям для жизни нужно. Не дано было знать богачу, чего ему самому нужно. И не дано знать ни одному человеку - сапоги на живого или босовики ему же на мертвого к вечеру нужны.');
/*!40000 ALTER TABLE `book_contents` ENABLE KEYS */;
UNLOCK TABLES;

--
-- Table structure for table `books`
--

DROP TABLE IF EXISTS `books`;
/*!40101 SET @saved_cs_client     = @@character_set_client */;
/*!40101 SET character_set_client = utf8 */;
CREATE TABLE `books` (
  `bok_id` int(10) unsigned NOT NULL AUTO_INCREMENT,
  `bok_title` varchar(45) DEFAULT NULL,
  `bok_pages_num` int(10) unsigned NOT NULL,
  `bok_lang_id` int(10) unsigned NOT NULL,
  PRIMARY KEY (`bok_id`)
) ENGINE=InnoDB AUTO_INCREMENT=3 DEFAULT CHARSET=utf8;
/*!40101 SET character_set_client = @saved_cs_client */;

--
-- Dumping data for table `books`
--

LOCK TABLES `books` WRITE;
/*!40000 ALTER TABLE `books` DISABLE KEYS */;
INSERT INTO `books` VALUES (1,'Tsem Liodi Zhivit',56,4),(2,'Hozyain i Rabotnik',23,4);
/*!40000 ALTER TABLE `books` ENABLE KEYS */;
UNLOCK TABLES;

--
-- Table structure for table `languages`
--

DROP TABLE IF EXISTS `languages`;
/*!40101 SET @saved_cs_client     = @@character_set_client */;
/*!40101 SET character_set_client = utf8 */;
CREATE TABLE `languages` (
  `lan_id` tinyint(3) unsigned NOT NULL AUTO_INCREMENT,
  `lan_title` varchar(15) NOT NULL,
  `lan_foreign` tinyint(1) unsigned DEFAULT '0',
  PRIMARY KEY (`lan_id`),
  UNIQUE KEY `lan_title` (`lan_title`)
) ENGINE=InnoDB AUTO_INCREMENT=12 DEFAULT CHARSET=utf8;
/*!40101 SET character_set_client = @saved_cs_client */;

--
-- Dumping data for table `languages`
--

LOCK TABLES `languages` WRITE;
/*!40000 ALTER TABLE `languages` DISABLE KEYS */;
INSERT INTO `languages` VALUES (1,'Ελληνικά',0),(2,'English',0),(3,'Francais',0),(4,'русский',1),(5,'Deutsch',1),(11,'Bokmål',1);
/*!40000 ALTER TABLE `languages` ENABLE KEYS */;
UNLOCK TABLES;

--
-- Table structure for table `poses`
--

DROP TABLE IF EXISTS `poses`;
/*!40101 SET @saved_cs_client     = @@character_set_client */;
/*!40101 SET character_set_client = utf8 */;
CREATE TABLE `poses` (
  `ps_id` tinyint(3) unsigned NOT NULL AUTO_INCREMENT,
  `ps_title` varchar(10) NOT NULL,
  PRIMARY KEY (`ps_id`),
  UNIQUE KEY `ps_title` (`ps_title`)
) ENGINE=InnoDB AUTO_INCREMENT=7 DEFAULT CHARSET=utf8;
/*!40101 SET character_set_client = @saved_cs_client */;

--
-- Dumping data for table `poses`
--

LOCK TABLES `poses` WRITE;
/*!40000 ALTER TABLE `poses` DISABLE KEYS */;
INSERT INTO `poses` VALUES (4,'Adjective'),(5,'Adverb'),(3,'Noun'),(6,'Preposi'),(1,'Undefined'),(2,'Verb');
/*!40000 ALTER TABLE `poses` ENABLE KEYS */;
UNLOCK TABLES;

--
-- Table structure for table `translations`
--

DROP TABLE IF EXISTS `translations`;
/*!40101 SET @saved_cs_client     = @@character_set_client */;
/*!40101 SET character_set_client = utf8 */;
CREATE TABLE `translations` (
  `tra_id` int(10) unsigned NOT NULL AUTO_INCREMENT,
  `tra_wordid` int(10) unsigned NOT NULL,
  `tra_langid` tinyint(3) unsigned NOT NULL DEFAULT '1',
  `tra_meaning` varchar(45) NOT NULL,
  PRIMARY KEY (`tra_id`),
  UNIQUE KEY `uniq_combo` (`tra_wordid`,`tra_meaning`,`tra_langid`),
  KEY `tra_wordid` (`tra_wordid`),
  KEY `tra_langid` (`tra_langid`),
  CONSTRAINT `translations_ibfk_1` FOREIGN KEY (`tra_langid`) REFERENCES `languages` (`lan_id`),
  CONSTRAINT `translations_ibfk_2` FOREIGN KEY (`tra_wordid`) REFERENCES `words` (`wor_id`)
) ENGINE=InnoDB AUTO_INCREMENT=2191 DEFAULT CHARSET=utf8;
/*!40101 SET character_set_client = @saved_cs_client */;

--
-- Dumping data for table `translations`
--

LOCK TABLES `translations` WRITE;
/*!40000 ALTER TABLE `translations` DISABLE KEYS */;
INSERT INTO `translations` VALUES (11,2,1,'αγαπώ'),(1,3,5,'Passagier'),(2,4,1,'υπερπέραν'),(21,11,1,'θεία'),(31,31,1,'ώρα'),(41,41,1,'κάνω'),(51,61,1,'τουλάχιστον'),(61,71,1,'ζευγάρι'),(71,81,1,'αναγκάζω'),(81,101,1,'σύνδεση'),(91,111,1,'δύσκολο'),(101,121,1,'σύνορα'),(111,131,1,'γαλλικά'),(261,141,1,'ισχύς'),(161,151,1,'δρόμος'),(121,161,1,'ζώ'),(251,171,1,'χάρη σε'),(241,181,1,'γυναίκα'),(231,191,1,'όλα'),(221,201,5,'Eisen'),(211,211,2,'thaw'),(201,221,1,'βήματα'),(191,231,1,'αριστερά'),(181,241,1,'υγρασιώδες'),(151,251,1,'παράθυρο'),(131,261,1,'βιβλιο'),(141,271,1,'ομίχλη'),(171,281,1,'τέλος'),(271,291,5,'glücklich'),(281,301,2,'german'),(291,311,1,'χειμώνας'),(301,321,1,'όμοιες'),(311,331,1,'κάθε'),(321,341,5,'auf ihrer Weise'),(331,351,2,'wife'),(341,361,2,'husband'),(351,371,2,'dearie'),(361,381,2,'have a drinj'),(371,391,5,'Vergangheit'),(381,401,5,'kennenlernen'),(391,411,5,'hier'),(401,421,1,'νέος'),(411,431,2,'god'),(421,451,5,'uns'),(431,461,5,'uns'),(441,471,5,'uns'),(451,481,5,'Jahr'),(461,581,5,'sagen'),(471,591,5,'Mensch'),(481,601,5,'Menschen'),(491,611,2,'operation'),(501,621,2,'danke'),(511,631,5,'denken'),(521,641,5,'ich'),(531,651,5,'mich'),(541,661,5,'meine'),(551,671,5,'er'),(561,691,5,'sein'),(571,701,5,'sich'),(581,711,5,'sie'),(591,721,5,'ihr'),(601,731,5,'wir'),(611,741,5,'uns'),(621,751,5,'unser'),(631,761,5,'schlecht'),(641,771,5,'Stimme'),(651,781,5,'werden'),(661,791,5,'unten'),(671,801,5,'stehen'),(681,821,4,'бог'),(691,831,4,'hell'),(701,841,5,'Tag'),(711,851,5,'Menschen'),(721,861,1,'allein'),(731,871,1,'jetzt'),(741,881,1,'schlafe'),(751,891,1,'trink'),(761,901,5,'niemals'),(771,911,5,'arbeiten'),(781,921,5,'orphanage'),(791,931,5,'Zeitungen'),(801,941,5,'beide'),(811,951,5,'Kind'),(821,961,5,'Bücher'),(831,971,5,'Tag'),(841,981,5,'daughter'),(851,991,5,'dieser'),(861,1001,5,'es'),(871,1011,5,'dich'),(881,1021,5,'Getränk'),(891,1041,5,'Tod'),(901,1051,5,'Tür'),(911,1061,5,'nicht'),(921,1071,5,'nicht'),(931,1081,5,'ist'),(941,1091,5,'Vater'),(951,1101,5,'Mutter'),(961,1111,5,'farewell'),(971,1121,5,'Waffen'),(981,1131,5,'Messer'),(991,1141,5,'Fisch'),(1001,1151,5,'Felder'),(1011,1161,5,'Flammen'),(1021,1171,5,'Füß'),(1031,1181,5,'für'),(1041,1191,5,'stattfinden'),(1051,1201,5,'Fluss'),(1061,1211,5,'aus'),(1071,1221,5,'vorwarts'),(1081,1241,5,'bevor'),(1091,1251,5,'gehen'),(1101,1261,5,'Garten'),(1111,1271,5,'Nutzen'),(1121,1281,5,'gasp'),(1131,1291,5,'Gott'),(1141,1301,5,'halbdunkel'),(1151,1311,5,'halbgewachset'),(1161,1341,5,'heißen'),(1171,1351,5,'verhindern'),(1181,1361,5,'Hause'),(1191,1371,5,'Hilfe'),(1201,1381,5,'halten'),(1211,1411,5,'wife'),(1221,1421,5,'was'),(1231,1431,5,'in'),(1241,1441,5,'heute'),(1251,1451,5,'gegen'),(1261,1461,2,'tomorrow'),(1271,1481,5,'Zimmer'),(1281,1491,5,'können'),(1291,1501,5,'vielleicht'),(1301,1511,5,'wissen'),(1311,1521,5,'Kirche'),(1321,1531,2,'o clock'),(1331,1541,5,'kommen'),(1341,1551,5,'Krieg'),(1351,1561,5,'Landhaus'),(1361,1571,2,'landscape'),(1371,1581,5,'liegen'),(1381,1591,5,'Glück'),(1391,1611,5,'Sonne'),(1401,1621,5,'strahlendes Lichtschein'),(1411,1631,5,'müssen'),(1421,1641,5,'viele'),(1431,1651,5,'Macht'),(1441,1671,5,'mit'),(1451,1681,5,'meine'),(1461,1691,5,'Männer'),(1471,1701,5,'mitten'),(1481,1711,5,'Namme'),(1491,1721,5,'niemand'),(1501,1731,5,'Norwegen'),(1511,1741,5,'genug'),(1521,1751,5,'wann'),(1531,1761,5,'auf'),(1541,1771,5,'und'),(1551,1791,5,'oden'),(1561,1801,5,'über'),(1571,1811,5,'Pastor'),(1581,1821,5,'Regnen'),(1591,1831,5,'Reisen'),(1601,1841,5,'richtig'),(1611,1851,5,'spacious'),(1621,1861,5,'Song'),(1631,1871,5,'sehen'),(1641,1891,5,'sagen'),(1651,1901,5,'sagt'),(1661,1911,5,'sollten'),(1671,1921,5,'zerbrechlig'),(1681,1931,5,'schlangen'),(1691,1941,5,'Staff'),(1701,1961,5,'Stern'),(1711,1971,5,'Stuhl'),(1721,1981,5,'as'),(1731,1991,5,'schwach'),(1741,2001,5,'Sachen'),(1751,2011,5,'zwei'),(1761,2021,5,'tonlosig'),(1771,2031,5,'glauben'),(1781,2041,5,'junge'),(1791,2051,5,'Weg'),(1801,2061,5,'Westen'),(1811,2071,5,'würde'),(1821,2081,5,'unser'),(1831,2091,5,'Wand'),(1841,2101,5,'Augenblick'),(1851,2111,1,'βήμα'),(1861,2121,1,'έμαθε'),(1871,2151,2,'through,via'),(1881,2161,1,'θα πω'),(1891,2171,1,'πάλι'),(1901,2181,2,'since'),(1911,2191,1,'βασιλιάς'),(1921,2201,1,'ακτή'),(1931,2211,1,'κόρη'),(1941,2221,1,'αγόρι'),(1951,2231,1,'παιδί'),(1961,2241,1,'τους'),(1971,2251,1,'θάλασσα'),(1981,2261,1,'ουρανός'),(1991,2271,1,'δύναμη'),(2001,2281,2,'by myself'),(2011,2291,1,'κάποιες φορές'),(2021,2301,1,'ζωή'),(2031,2311,1,'βουνά'),(2041,2321,1,'Γη'),(2051,2331,1,'τότε'),(2061,2341,2,'possessed'),(2071,2351,1,'αρχικά'),(2081,2361,1,'μόνο'),(2091,2371,1,'αρχικά'),(2101,2381,2,'ruled'),(2111,2391,1,'στοιχεία'),(2121,2401,2,'lead'),(2131,2411,2,'omnipotent'),(2141,2421,1,'εμφανίστηκε'),(2151,2431,2,'lit up'),(2161,2441,1,'ξεκίνησε'),(2171,2451,1,'ζήλεψε'),(2181,2461,1,'hurry');
/*!40000 ALTER TABLE `translations` ENABLE KEYS */;
UNLOCK TABLES;

--
-- Table structure for table `words`
--

DROP TABLE IF EXISTS `words`;
/*!40101 SET @saved_cs_client     = @@character_set_client */;
/*!40101 SET character_set_client = utf8 */;
CREATE TABLE `words` (
  `wor_id` int(10) unsigned NOT NULL AUTO_INCREMENT,
  `wor_langid` tinyint(3) unsigned NOT NULL DEFAULT '4',
  `wor_word` varchar(45) NOT NULL,
  `wor_pronounce` varchar(45) DEFAULT NULL,
  `wor_added` date DEFAULT NULL,
  `wor_stem` varchar(45) DEFAULT NULL,
  `wor_due` date DEFAULT NULL,
  `wor_avg_days_due` float unsigned DEFAULT '0',
  `wor_comment` varchar(45) DEFAULT NULL,
  `wor_checked` date DEFAULT NULL,
  `wor_posid` tinyint(3) unsigned DEFAULT '1',
  `wor_times_tested` int(10) unsigned DEFAULT '0',
  PRIMARY KEY (`wor_id`),
  UNIQUE KEY `wor_word_UNIQUE` (`wor_word`),
  KEY `wor_langid` (`wor_langid`),
  CONSTRAINT `words_ibfk_1` FOREIGN KEY (`wor_langid`) REFERENCES `languages` (`lan_id`)
) ENGINE=InnoDB AUTO_INCREMENT=2471 DEFAULT CHARSET=utf8;
/*!40101 SET character_set_client = @saved_cs_client */;

--
-- Dumping data for table `words`
--

LOCK TABLES `words` WRITE;
/*!40000 ALTER TABLE `words` DISABLE KEYS */;
INSERT INTO `words` VALUES (1,4,'Я','','2019-06-17',NULL,'2019-12-19',0,NULL,'2019-09-20',1,1),(2,4,'любить','','2019-06-17',NULL,'2019-09-23',0,NULL,'2019-09-20',1,1),(3,4,'пассажир','','2019-06-17',NULL,'2019-12-19',0,NULL,'2019-09-20',1,1),(4,5,'Jenseits','','2019-06-17',NULL,'2019-09-05',0,NULL,NULL,1,0),(11,4,'тетя',NULL,'2019-06-17',NULL,'2019-12-19',0,NULL,'2019-09-20',1,1),(21,4,'крыша',NULL,'2019-06-17',NULL,'2019-12-19',0,NULL,'2019-09-20',1,1),(31,4,'часов',NULL,'2019-06-17',NULL,'2019-12-19',0,NULL,'2019-09-20',1,1),(41,4,'деять',NULL,'2019-06-17',NULL,'2019-09-23',0,NULL,'2019-09-20',1,1),(51,4,'дядя',NULL,'2019-06-17',NULL,'2019-12-19',0,NULL,'2019-09-20',1,1),(61,4,'хоть',NULL,'2019-06-17',NULL,'2019-09-24',0,NULL,'2019-09-20',1,1),(71,4,'парах',NULL,'2019-06-17',NULL,'2019-12-19',0,NULL,'2019-09-20',1,1),(81,4,'насилу',NULL,'2019-06-17',NULL,'2019-09-22',0,NULL,'2019-09-20',1,1),(91,4,'было',NULL,'2019-06-17',NULL,'2019-12-19',0,NULL,'2019-09-20',1,1),(101,4,'свяэь',NULL,'2019-06-17',NULL,'2019-09-21',0,NULL,'2019-09-18',1,0),(111,4,'трудно',NULL,'2019-06-17',NULL,'2019-12-19',0,NULL,'2019-09-20',1,1),(121,4,'границы',NULL,'2019-06-17',NULL,'2019-12-19',0,NULL,'2019-09-20',1,1),(131,4,'Французский',NULL,'2019-06-17',NULL,'2019-12-19',0,NULL,'2019-09-20',1,1),(141,4,'мощность',NULL,'2019-06-17',NULL,'2019-09-22',0,NULL,'2019-09-20',1,1),(151,4,'дороги',NULL,'2019-06-17',NULL,'2019-12-19',0,NULL,'2019-09-20',1,1),(161,4,'жить',NULL,'2019-06-17',NULL,'2019-12-19',0,NULL,'2019-09-20',1,1),(171,4,'благодаря',NULL,'2019-06-17',NULL,'2019-09-22',0,NULL,'2019-09-20',1,1),(181,4,'женщина',NULL,'2019-06-17',NULL,'2019-12-19',0,NULL,'2019-09-20',1,1),(191,4,'каждый',NULL,'2019-06-17',NULL,'2019-12-19',0,NULL,'2019-09-20',1,1),(201,4,'железные',NULL,'2019-06-17',NULL,'2019-12-19',0,NULL,'2019-09-20',1,1),(211,4,'оттепель',NULL,'2019-06-17',NULL,'2019-09-22',0,NULL,'2019-09-20',1,1),(221,4,'шагах',NULL,'2019-06-17',NULL,'2019-12-19',0,NULL,'2019-09-20',1,1),(231,4,'влево',NULL,'2019-06-17',NULL,'2019-12-19',0,NULL,'2019-09-20',1,1),(241,4,'сыро',NULL,'2019-06-17',NULL,'2019-09-21',0,NULL,'2019-09-20',1,1),(251,4,'окон',NULL,'2019-06-17',NULL,'2019-12-19',0,NULL,'2019-09-20',1,1),(261,4,'книга',NULL,'2019-06-17',NULL,'2019-12-19',0,NULL,'2019-09-20',1,1),(271,4,'туман',NULL,'2019-06-17',NULL,'2019-12-19',0,NULL,'2019-09-20',1,1),(281,4,'конец',NULL,'2019-06-17',NULL,'2019-12-19',0,NULL,'2019-09-20',1,1),(291,4,'счастливый',NULL,'2019-06-17',NULL,'2019-12-19',0,NULL,'2019-09-20',1,1),(301,4,'немецкий','nemetskiy','2019-07-03',NULL,'2019-12-19',0,NULL,'2019-09-20',1,1),(311,4,'зима','zimá','2019-07-03',NULL,'2019-09-30',0,NULL,'2019-09-18',1,0),(321,4,'похожи','pakhózhi','2019-07-04',NULL,'2019-12-19',0,NULL,'2019-09-20',1,1),(331,4,'каждая','kazdaya','2019-07-04',NULL,'2019-11-04',0,NULL,'2019-09-20',1,1),(341,4,'по-своему','kazdaya','2019-07-04',NULL,'2019-11-04',0,NULL,'2019-09-20',1,1),(351,4,'жена','zhená','2019-07-04',NULL,'2019-11-04',0,NULL,'2019-09-20',1,1),(361,4,'муж','myzh','2019-07-04',NULL,'2019-12-19',0,NULL,'2019-09-20',1,1),(371,4,'батюшка','bátyuska','2019-07-04',NULL,'2019-12-19',0,NULL,'2019-09-20',1,1),(381,4,'выпить','vypit','2019-07-04',NULL,'2019-09-20',0,NULL,'2019-09-20',1,1),(391,4,'ррошлое','próshloye','2019-07-04',NULL,'2019-09-25',0,NULL,'2019-09-20',1,1),(401,4,'знакомиться','znakómitsya','2019-07-04',NULL,'2020-02-08',0,NULL,'2019-09-11',1,0),(411,4,'сюда','syudá','2019-07-04',NULL,'2019-12-19',0,NULL,'2019-09-20',1,1),(421,4,'молодой','maládoy','2019-07-05',NULL,'2019-12-19',0,NULL,'2019-09-20',1,1),(431,4,'бог','','2019-07-15',NULL,'2019-12-19',0,NULL,'2019-09-20',1,1),(451,4,'нам','','2019-07-15',NULL,'2019-12-19',0,NULL,'2019-09-20',1,1),(461,4,'нас','','2019-07-15',NULL,'2019-12-19',0,NULL,'2019-09-20',1,1),(471,4,'наш','','2019-07-15',NULL,'2019-12-19',0,NULL,'2019-09-20',1,1),(481,4,'лет','','2019-07-15',NULL,'2019-12-19',0,NULL,'2019-09-20',1,1),(581,4,'сказать','','2019-07-15',NULL,'2019-12-19',0,NULL,'2019-09-20',1,1),(591,4,'человек','','2019-07-15',NULL,'2019-12-19',0,NULL,'2019-09-20',1,1),(601,4,'люди','','2019-07-15',NULL,'2019-12-19',0,NULL,'2019-09-20',1,1),(611,4,'операция','','2019-07-15',NULL,'2019-12-19',0,NULL,'2019-09-20',1,1),(621,4,'спасибо','','2019-07-15',NULL,'2019-12-19',0,NULL,'2019-09-20',1,1),(631,4,'думать','','2019-07-15',NULL,'2019-11-04',0,NULL,'2019-09-20',1,1),(641,11,'jeg','','2019-07-15',NULL,'2020-02-17',0,NULL,'2019-09-20',1,1),(651,11,'mig','','2019-07-15',NULL,'2019-09-05',0,NULL,NULL,1,0),(661,11,'min','','2019-07-15',NULL,'2019-09-05',0,NULL,NULL,1,0),(671,11,'han','','2019-07-15',NULL,'2019-09-05',0,NULL,NULL,1,0),(691,11,'hans','','2019-07-15',NULL,'2019-09-05',0,NULL,NULL,1,0),(701,11,'sig','','2019-07-15',NULL,'2019-09-05',0,NULL,NULL,1,0),(711,11,'hun','','2019-07-15',NULL,'2019-09-05',0,NULL,NULL,1,0),(721,11,'hendes','','2019-07-15',NULL,'2019-09-25',0,NULL,'2019-09-20',1,1),(731,11,'vi','','2019-07-15',NULL,'2019-09-05',0,NULL,NULL,1,0),(741,11,'os','','2019-07-15',NULL,'2019-12-07',0,NULL,'2019-09-20',1,1),(751,11,'vores','','2019-07-15',NULL,'2019-12-19',0,NULL,'2019-09-20',1,1),(761,11,'dårlig','','2019-07-15',NULL,'2019-09-05',0,NULL,NULL,1,0),(771,11,'stemme','','2019-07-15',NULL,'2019-12-19',0,NULL,'2019-09-20',1,1),(781,11,'vil','','2019-07-15',NULL,'2019-09-20',0,NULL,'2019-09-20',1,1),(791,11,'stående','','2019-07-15',NULL,'2019-09-05',0,NULL,NULL,1,0),(801,11,'stå','','2019-07-15',NULL,'2019-09-05',0,NULL,NULL,1,0),(821,11,'Herre','','2019-07-15',NULL,'2019-12-19',0,NULL,'2019-09-20',1,1),(831,11,'lyse','','2019-07-15',NULL,'2019-12-19',0,NULL,'2019-09-20',1,1),(841,11,'dag','','2019-07-15',NULL,'2019-12-19',0,NULL,'2019-09-20',1,1),(851,11,'mennesker','','2019-07-15',NULL,'2019-11-13',0,NULL,'2019-09-18',1,0),(861,4,'одна','Pronouncation','2019-07-23',NULL,'2019-12-19',0,NULL,'2019-09-20',1,1),(871,4,'теперь','Pronouncation','2019-07-23',NULL,'2019-11-06',0,NULL,'2019-09-22',1,2),(881,4,'сплю','Pronouncation','2019-07-23',NULL,'2019-09-20',0,NULL,'2019-09-20',1,1),(891,4,'пью','Pronouncation','2019-07-23',NULL,'2019-11-06',0,NULL,'2019-09-22',1,2),(901,11,'aldrig','',NULL,'','2019-12-19',0,'','2019-09-20',1,1),(911,11,'arbejde','',NULL,'','2019-12-19',0,'','2019-09-20',1,1),(921,11,'asylet','',NULL,'','2019-12-19',0,'','2019-09-20',1,1),(931,11,'aviser','',NULL,'','2019-09-25',0,'','2019-09-20',1,1),(941,11,'baade','',NULL,'','2019-12-19',0,'','2019-09-20',1,1),(951,11,'barnet','',NULL,'','2019-12-19',0,'','2019-09-20',1,1),(961,11,'bøger','',NULL,'','2019-09-29',0,'','2019-09-20',1,1),(971,11,'daggen','',NULL,'','2019-12-19',0,'','2019-09-20',1,1),(981,11,'datter','',NULL,'','2019-12-19',0,'','2019-09-20',1,1),(991,11,'denne','',NULL,'','2019-09-12',0,'',NULL,1,0),(1001,11,'det','',NULL,'','2019-09-12',0,'',NULL,1,0),(1011,11,'dig','',NULL,'','2019-12-19',0,'','2019-09-20',1,1),(1021,11,'drikke','',NULL,'','2019-09-12',0,'',NULL,1,0),(1041,11,'død','',NULL,'','2019-12-19',0,'','2019-09-20',1,1),(1051,11,'dør','',NULL,'','2019-12-19',0,'','2019-09-20',1,1),(1061,11,'ej','',NULL,'','2019-09-12',0,'',NULL,1,0),(1071,11,'ikke','',NULL,'','2019-12-19',0,'','2019-09-20',1,1),(1081,11,'er','',NULL,'','2019-09-12',0,'',NULL,1,0),(1091,11,'far','',NULL,'','2019-09-29',0,'','2019-09-20',1,1),(1101,11,'mor','',NULL,'','2019-12-19',0,'','2019-09-20',1,1),(1111,11,'farvel','',NULL,'','2019-12-19',0,'','2019-09-20',1,1),(1121,11,'favn','',NULL,'','2019-09-29',0,'','2019-09-20',1,1),(1131,11,'Kniv','',NULL,'','2019-09-29',0,'','2019-09-20',1,1),(1141,11,'fisk','',NULL,'','2019-09-29',0,'','2019-09-20',1,1),(1151,11,'fjeld','',NULL,'','2019-12-19',0,'','2019-09-20',1,1),(1161,11,'flammer','',NULL,'','2019-12-19',0,'','2019-09-20',1,1),(1171,11,'foden','',NULL,'','2019-09-26',0,'','2019-09-20',1,1),(1181,11,'for','',NULL,'','2019-09-12',0,'',NULL,1,0),(1191,11,'foregår','',NULL,'','2019-09-12',0,'',NULL,1,0),(1201,11,'foss','',NULL,'','2019-09-12',0,'',NULL,1,0),(1211,11,'fra','',NULL,'','2019-09-12',0,'',NULL,1,0),(1221,11,'frem','',NULL,'','2019-09-12',0,'',NULL,1,0),(1241,11,'før','',NULL,'','2019-09-12',0,'',NULL,1,0),(1251,11,'gaar','',NULL,'','2019-09-12',0,'',NULL,1,0),(1261,11,'gaarden','',NULL,'','2019-12-19',0,'','2019-09-20',1,1),(1271,11,'gavn','',NULL,'','2019-09-12',0,'',NULL,1,0),(1281,11,'gisp','',NULL,'','2019-12-19',0,'','2019-09-20',1,1),(1291,11,'Gud','',NULL,'','2019-09-12',0,'',NULL,1,0),(1301,11,'halvmørkt','',NULL,'','2019-12-19',0,'','2019-09-20',1,1),(1311,11,'halvvoxne','',NULL,'','2019-12-19',0,'','2019-09-20',1,1),(1341,11,'heder','',NULL,'','2019-09-12',0,'',NULL,1,0),(1351,11,'hinder','',NULL,'','2019-09-25',0,'','2019-09-20',1,1),(1361,11,'hjem','',NULL,'','2019-12-19',0,'','2019-09-20',1,1),(1371,11,'hjælp','',NULL,'','2019-12-19',0,'','2019-09-20',1,1),(1381,11,'holde','',NULL,'','2019-09-29',0,'','2019-09-20',1,1),(1411,11,'hustru','',NULL,'','2019-12-19',0,'','2019-09-20',1,1),(1421,11,'hvad','',NULL,'','2019-09-29',0,'','2019-09-20',1,1),(1431,11,'i','',NULL,'','2019-09-12',0,'',NULL,1,0),(1441,11,'idag','',NULL,'','2019-12-19',0,'','2019-09-20',1,1),(1451,11,'imod','',NULL,'','2019-09-12',0,'',NULL,1,0),(1461,11,'imorgen','',NULL,'','2019-12-19',0,'','2019-09-20',1,1),(1481,11,'kamme','',NULL,'','2019-09-12',0,'',NULL,1,0),(1491,11,'kan','',NULL,'','2019-09-29',0,'','2019-09-20',1,1),(1501,11,'kahnænde','',NULL,'','2019-09-12',0,'',NULL,1,0),(1511,11,'kender','',NULL,'','2019-09-12',0,'',NULL,1,0),(1521,11,'kirke','',NULL,'','2019-09-29',0,'','2019-09-20',1,1),(1531,11,'klokken','',NULL,'','2019-12-19',0,'','2019-09-20',1,1),(1541,11,'kommer','',NULL,'','2019-12-19',0,'','2019-09-20',1,1),(1551,11,'krig','',NULL,'','2019-12-19',0,'','2019-09-20',1,1),(1561,11,'landejendom','',NULL,'','2019-09-12',0,'',NULL,1,0),(1571,11,'landskab','',NULL,'','2019-09-12',0,'',NULL,1,0),(1581,11,'ligger','',NULL,'','2019-12-19',0,'','2019-09-20',1,1),(1591,11,'lykke','',NULL,'','2019-09-29',0,'','2019-09-20',1,1),(1611,11,'solen','',NULL,'','2019-12-19',0,'','2019-09-20',1,1),(1621,11,'solskinvejr','',NULL,'','2019-12-19',0,'','2019-09-20',1,1),(1631,11,'maa','',NULL,'','2019-09-12',0,'',NULL,1,0),(1641,11,'mange','',NULL,'','2019-12-19',0,'','2019-09-20',1,1),(1651,11,'magt','',NULL,'','2019-09-29',0,'','2019-09-20',1,1),(1671,11,'med','',NULL,'','2019-12-19',0,'','2019-09-20',1,1),(1681,11,'met','',NULL,'','2019-09-12',0,'',NULL,1,0),(1691,11,'menneske','',NULL,'','2019-12-19',0,'','2019-09-20',1,1),(1701,11,'midten','',NULL,'','2019-09-12',0,'',NULL,1,0),(1711,11,'navn','',NULL,'','2019-09-12',0,'',NULL,1,0),(1721,11,'nogen','',NULL,'','2019-09-12',0,'',NULL,1,0),(1731,11,'Norge','',NULL,'','2019-12-19',0,'','2019-09-20',1,1),(1741,11,'nok','',NULL,'','2019-09-12',0,'',NULL,1,0),(1751,11,'når','',NULL,'','2019-09-12',0,'',NULL,1,0),(1761,11,'of','',NULL,'','2019-09-12',0,'',NULL,1,0),(1771,11,'og','',NULL,'','2019-12-19',0,'','2019-09-20',1,1),(1791,11,'ovenpå','',NULL,'','2019-09-12',0,'',NULL,1,0),(1801,11,'over','',NULL,'','2019-12-19',0,'','2019-09-20',1,1),(1811,11,'presten','',NULL,'','2019-12-19',0,'','2019-09-20',1,1),(1821,11,'regn','',NULL,'','2019-12-19',0,'','2019-09-20',1,1),(1831,11,'resjen','',NULL,'','2019-12-19',0,'','2019-09-20',1,1),(1841,11,'rigtig','',NULL,'','2019-12-19',0,'','2019-09-20',1,1),(1851,11,'rommelig','',NULL,'','2019-12-19',0,'','2019-09-20',1,1),(1861,11,'sang','',NULL,'','2019-09-12',0,'',NULL,1,0),(1871,11,'se','',NULL,'','2019-09-12',0,'',NULL,1,0),(1891,11,'sige','',NULL,'','2019-12-19',0,'','2019-09-20',1,1),(1901,11,'siger','',NULL,'','2019-12-19',0,'','2019-09-20',1,1),(1911,11,'skal','',NULL,'','2019-09-12',0,'',NULL,1,0),(1921,11,'skrøbelig','',NULL,'','2019-12-19',0,'','2019-09-20',1,1),(1931,11,'slog','',NULL,'','2019-12-19',0,'','2019-09-20',1,1),(1941,11,'stav','',NULL,'','2019-12-19',0,'','2019-09-20',1,1),(1961,11,'stjerne','',NULL,'','2019-12-19',0,'','2019-09-20',1,1),(1971,11,'stue','',NULL,'','2019-09-15',0,'',NULL,1,0),(1981,11,'som','',NULL,'','2019-09-15',0,'',NULL,1,0),(1991,11,'swagt','',NULL,'','2019-09-29',0,'','2019-09-20',1,1),(2001,11,'tingen','',NULL,'','2019-12-19',0,'','2019-09-20',1,1),(2011,11,'to','',NULL,'','2019-09-29',0,'','2019-09-20',1,1),(2021,11,'toneløst','',NULL,'','2019-12-19',0,'','2019-09-20',1,1),(2031,11,'tror','',NULL,'','2019-09-15',0,'',NULL,1,0),(2041,11,'unge','',NULL,'','2019-09-15',0,'',NULL,1,0),(2051,11,'vej','',NULL,'','2019-09-15',0,'',NULL,1,0),(2061,11,'vest','',NULL,'','2019-12-19',0,'','2019-09-20',1,1),(2071,11,'vilde','',NULL,'','2019-09-15',0,'',NULL,1,0),(2081,11,'vår','',NULL,'','2019-09-15',0,'',NULL,1,0),(2091,11,'væg','',NULL,'','2019-09-15',0,'',NULL,1,0),(2101,11,'øjeblick','',NULL,'','2019-12-19',0,'','2019-09-20',1,1),(2111,4,'шаг','shag',NULL,'','2019-12-19',0,'','2019-09-20',1,1),(2121,4,'узнал','Uznal',NULL,'','2019-10-31',0,'','2019-09-22',1,2),(2151,4,'через','chErez',NULL,'','2019-12-19',0,'','2019-09-20',1,1),(2161,4,'расскажу','',NULL,'','2019-11-06',0,'','2019-09-22',1,2),(2171,4,'же','',NULL,'','2019-09-20',0,'','2019-09-20',1,1),(2181,4,'пор','',NULL,'','2019-09-20',0,'','2019-09-20',1,1),(2191,4,'царь','',NULL,'','2019-12-19',0,'','2019-09-20',1,1),(2201,4,'берег','',NULL,'','2019-09-20',0,'','2019-09-20',1,1),(2211,4,'дочь','',NULL,'','2019-09-20',0,'','2019-09-20',1,1),(2221,4,'мальчик','',NULL,'','2019-12-19',0,'','2019-09-20',1,1),(2231,4,'ребёнка','',NULL,'','2019-12-19',0,'','2019-09-20',1,1),(2241,4,'них','',NULL,'','2019-09-20',0,'','2019-09-20',1,1),(2251,4,'моря','',NULL,'','2019-11-06',0,'','2019-09-22',1,2),(2261,4,'небо','',NULL,'','2019-09-20',0,'','2019-09-20',1,1),(2271,4,'сила','',NULL,'','2019-09-20',0,'','2019-09-20',1,1),(2281,4,'собой','',NULL,'','2019-09-20',0,'','2019-09-20',1,1),(2291,4,'иногда','',NULL,'','2019-09-21',0,'','2019-09-20',1,1),(2301,4,'жижзнь','',NULL,'','2019-12-19',0,'','2019-09-20',1,1),(2311,4,'горы','',NULL,'','2019-09-23',0,'','2019-09-20',1,1),(2321,4,'змля','',NULL,'','2019-09-15',0,'',NULL,1,0),(2331,4,'тогда','',NULL,'','2019-09-22',0,'','2019-09-20',1,1),(2341,4,'обладал','',NULL,'','2019-09-22',0,'','2019-09-20',1,1),(2351,4,'вначале','',NULL,'','2019-09-20',0,'','2019-09-20',1,1),(2361,4,'только','',NULL,'','2019-09-20',0,'','2019-09-20',1,1),(2371,4,'сначала','',NULL,'','2019-09-20',0,'','2019-09-20',1,1),(2381,4,'властвовал','',NULL,'','2019-09-20',0,'','2019-09-20',1,1),(2391,4,'стихиями','',NULL,'','2019-09-20',0,'','2019-09-20',1,1),(2401,4,'возглавлять','',NULL,'','2019-09-20',0,'','2019-09-20',1,1),(2411,4,'всемогущий','',NULL,'','2019-11-06',0,'','2019-09-22',1,2),(2421,4,'появилась','',NULL,'','2019-09-20',0,'','2019-09-20',1,1),(2431,4,'озарился','',NULL,'','2019-09-20',0,'','2019-09-20',1,1),(2441,4,'началась','',NULL,'','2019-09-20',0,'','2019-09-20',1,1),(2451,4,'ревновала','',NULL,'','2019-09-20',0,'','2019-09-20',1,1),(2461,5,'beeilen','',NULL,'','2019-09-22',0,'',NULL,2,0);
/*!40000 ALTER TABLE `words` ENABLE KEYS */;
UNLOCK TABLES;
/*!40103 SET TIME_ZONE=@OLD_TIME_ZONE */;

/*!40101 SET SQL_MODE=@OLD_SQL_MODE */;
/*!40014 SET FOREIGN_KEY_CHECKS=@OLD_FOREIGN_KEY_CHECKS */;
/*!40014 SET UNIQUE_CHECKS=@OLD_UNIQUE_CHECKS */;
/*!40101 SET CHARACTER_SET_CLIENT=@OLD_CHARACTER_SET_CLIENT */;
/*!40101 SET CHARACTER_SET_RESULTS=@OLD_CHARACTER_SET_RESULTS */;
/*!40101 SET COLLATION_CONNECTION=@OLD_COLLATION_CONNECTION */;
/*!40111 SET SQL_NOTES=@OLD_SQL_NOTES */;

-- Dump completed on 2019-09-22 10:59:55
